Visit Team,corresponding probability of winning,Home Team,corresponding probability of winning
New York Knicks,0.07016120570782403,Cleveland Cavaliers,0.929838794292176
San Antonio Spurs,0.32683765499604156,Golden State Warriors,0.6731623450039584
Utah Jazz,0.24832051928483911,Portland Trail Blazers,0.7516794807151609
Brooklyn Nets,0.10423293576522419,Boston Celtics,0.8957670642347758
Dallas Mavericks,0.391679086213119,Indiana Pacers,0.608320913786881
Houston Rockets,0.6480882536051651,Los Angeles Lakers,0.35191174639483497
Minnesota Timberwolves,0.39803585686167,Memphis Grizzlies,0.60196414313833
Charlotte Hornets,0.6771178198609052,Milwaukee Bucks,0.32288218013909475
Denver Nuggets,0.40787992856814337,New Orleans Pelicans,0.5921200714318566
Miami Heat,0.6237434903519765,Orlando Magic,0.37625650964802343
Oklahoma City Thunder,0.9286068264056297,Philadelphia 76ers,0.07139317359437021
Sacramento Kings,0.49894093863825584,Phoenix Suns,0.5010590613617442
Detroit Pistons,0.21808174274227532,Toronto Raptors,0.7819182572577247
Washington Wizards,0.3639642773551265,Atlanta Hawks,0.6360357226448735
Boston Celtics,0.40226259946692766,Chicago Bulls,0.5977374005330723
Los Angeles Clippers,0.3446936126498915,Portland Trail Blazers,0.6553063873501085
San Antonio Spurs,0.771689794652713,Sacramento Kings,0.228310205347287
Indiana Pacers,0.7694666960225126,Brooklyn Nets,0.2305333039774874
Houston Rockets,0.3686012026940534,Dallas Mavericks,0.6313987973059466
Orlando Magic,0.3327546885307432,Detroit Pistons,0.6672453114692568
Charlotte Hornets,0.3433829287132958,Miami Heat,0.6566170712867042
Golden State Warriors,0.8631493849374734,New Orleans Pelicans,0.1368506150625266
Phoenix Suns,0.08209853970765568,Oklahoma City Thunder,0.9179014602923443
Cleveland Cavaliers,0.5757665488917358,Toronto Raptors,0.4242334511082641
Los Angeles Lakers,0.16087465331271567,Utah Jazz,0.8391253466872843
Indiana Pacers,0.37133739565353985,Chicago Bulls,0.6286626043464602
Boston Celtics,0.4078539083773166,Charlotte Hornets,0.5921460916226834
Orlando Magic,0.08825431867225075,Cleveland Cavaliers,0.9117456813277492
Portland Trail Blazers,0.7582004961191313,Denver Nuggets,0.24179950388086863
Brooklyn Nets,0.262439460206465,Milwaukee Bucks,0.737560539793535
Memphis Grizzlies,0.3754785126994079,New York Knicks,0.6245214873005921
Atlanta Hawks,0.8486187267854428,Philadelphia 76ers,0.1513812732145572
Minnesota Timberwolves,0.3878500063199666,Sacramento Kings,0.6121499936800334
New Orleans Pelicans,0.09814507566713149,San Antonio Spurs,0.9018549243328685
Milwaukee Bucks,0.26732475201661265,Detroit Pistons,0.7326752479833873
Dallas Mavericks,0.39842009469135553,Houston Rockets,0.6015799053086445
Utah Jazz,0.2884435746660331,Los Angeles Clippers,0.7115564253339669
Washington Wizards,0.5386155754911577,Memphis Grizzlies,0.46138442450884226
San Antonio Spurs,0.5335479756086416,Miami Heat,0.46645202439135836
Los Angeles Lakers,0.07264555158262098,Oklahoma City Thunder,0.927354448417379
Golden State Warriors,0.8841334576691328,Phoenix Suns,0.11586654233086724
Sacramento Kings,0.24816783058223968,Atlanta Hawks,0.7518321694177603
Chicago Bulls,0.7481749924846395,Brooklyn Nets,0.25182500751536047
Phoenix Suns,0.12742435178728362,Los Angeles Clippers,0.8725756482127164
Denver Nuggets,0.12780510324592065,Toronto Raptors,0.8721948967540794
Houston Rockets,0.1378636927268908,Cleveland Cavaliers,0.8621363072731092
New York Knicks,0.2799258489772445,Detroit Pistons,0.7200741510227555
Los Angeles Lakers,0.15948406490714861,Indiana Pacers,0.8405159350928514
Sacramento Kings,0.17922238452205386,Miami Heat,0.8207776154779461
Memphis Grizzlies,0.4315732181531161,Minnesota Timberwolves,0.5684267818468839
Milwaukee Bucks,0.40183860862165033,New Orleans Pelicans,0.5981613913783497
Orlando Magic,0.7399435433162125,Philadelphia 76ers,0.26005645668378746
Golden State Warriors,0.5958087720987788,Portland Trail Blazers,0.40419122790122114
Utah Jazz,0.19258546962046308,San Antonio Spurs,0.8074145303795369
Los Angeles Lakers,0.15172063739470765,Atlanta Hawks,0.8482793626052924
Chicago Bulls,0.3436679691116381,Boston Celtics,0.6563320308883619
Detroit Pistons,0.7213069029556576,Brooklyn Nets,0.2786930970443424
Philadelphia 76ers,0.06757691359766449,Charlotte Hornets,0.9324230864023355
Oklahoma City Thunder,0.5462306644196764,Los Angeles Clippers,0.4537693355803237
New Orleans Pelicans,0.34539027195791516,Memphis Grizzlies,0.6546097280420848
Houston Rockets,0.5354923523822153,New York Knicks,0.4645076476177847
Portland Trail Blazers,0.7736503457415659,Phoenix Suns,0.2263496542584341
Dallas Mavericks,0.3941448623540561,Utah Jazz,0.6058551376459439
Toronto Raptors,0.5869509403336415,Washington Wizards,0.4130490596663586
Boston Celtics,0.1688023761083841,Cleveland Cavaliers,0.8311976238916159
Oklahoma City Thunder,0.3209629319004125,Golden State Warriors,0.6790370680995875
Indiana Pacers,0.6427071784805953,Milwaukee Bucks,0.35729282151940467
Denver Nuggets,0.39799041272549407,Minnesota Timberwolves,0.6020095872745059
Sacramento Kings,0.3654150130394186,Orlando Magic,0.6345849869605814
Charlotte Hornets,0.795552656891032,Brooklyn Nets,0.20444734310896792
New York Knicks,0.2000273878061274,Chicago Bulls,0.7999726121938726
Portland Trail Blazers,0.5209075443336308,Dallas Mavericks,0.4790924556663691
Golden State Warriors,0.8844924115864773,Los Angeles Lakers,0.1155075884135227
Los Angeles Clippers,0.6480521773050627,Memphis Grizzlies,0.35194782269493735
Phoenix Suns,0.3374016928459648,New Orleans Pelicans,0.6625983071540352
Miami Heat,0.33513030602105176,Toronto Raptors,0.6648696939789482
San Antonio Spurs,0.6495462423350589,Utah Jazz,0.3504537576649412
Atlanta Hawks,0.4594706630762878,Washington Wizards,0.5405293369237122
Houston Rockets,0.37823797227664613,Atlanta Hawks,0.6217620277233539
Denver Nuggets,0.2722642552248469,Detroit Pistons,0.7277357447751531
Chicago Bulls,0.3903682024032604,Indiana Pacers,0.6096317975967396
Sacramento Kings,0.466845663590142,Milwaukee Bucks,0.533154336409858
Minnesota Timberwolves,0.12431367975413699,Oklahoma City Thunder,0.875686320245863
Washington Wizards,0.49956784238793195,Orlando Magic,0.500432157612068
Cleveland Cavaliers,0.9518546278230863,Philadelphia 76ers,0.04814537217691376
Los Angeles Clippers,0.2752485184238924,San Antonio Spurs,0.7247514815761076
Denver Nuggets,0.1933222274760349,Boston Celtics,0.8066777725239651
Milwaukee Bucks,0.2054294643364808,Dallas Mavericks,0.7945705356635192
Phoenix Suns,0.382036111160887,Los Angeles Lakers,0.617963888839113
Portland Trail Blazers,0.6980094628186733,Memphis Grizzlies,0.3019905371813268
Utah Jazz,0.517896973723954,New York Knicks,0.4821030262760459
Sacramento Kings,0.1489985537836983,Toronto Raptors,0.8510014462163017
Orlando Magic,0.24286313923016567,Chicago Bulls,0.7571368607698343
Indiana Pacers,0.3767698006590413,Charlotte Hornets,0.6232301993409587
New Orleans Pelicans,0.06770637742677754,Golden State Warriors,0.9322936225732225
Detroit Pistons,0.27326057731892395,Los Angeles Clippers,0.726739422681076
Miami Heat,0.2938876360192352,Oklahoma City Thunder,0.7061123639807648
Utah Jazz,0.8141304586295358,Philadelphia 76ers,0.18586954137046416
Houston Rockets,0.4161455855955085,Washington Wizards,0.5838544144044915
Minnesota Timberwolves,0.6147064024753127,Brooklyn Nets,0.3852935975246873
Atlanta Hawks,0.1601644168116474,Cleveland Cavaliers,0.8398355831883526
Dallas Mavericks,0.6475582559662548,Los Angeles Lakers,0.3524417440337452
Denver Nuggets,0.36043709046772976,Memphis Grizzlies,0.6395629095322702
Phoenix Suns,0.10635168465320577,Portland Trail Blazers,0.8936483153467942
New Orleans Pelicans,0.3358001052463967,Sacramento Kings,0.6641998947536033
Chicago Bulls,0.376398771908212,Atlanta Hawks,0.623601228091788
Utah Jazz,0.33571617168744117,Charlotte Hornets,0.6642838283125588
Dallas Mavericks,0.14560568801324825,Golden State Warriors,0.8543943119867518
Philadelphia 76ers,0.07939442091208582,Indiana Pacers,0.9206055790879142
Portland Trail Blazers,0.44757741098687964,Los Angeles Clippers,0.5524225890131204
Brooklyn Nets,0.20267140252361227,New York Knicks,0.7973285974763877
Toronto Raptors,0.34691735380766486,Oklahoma City Thunder,0.6530826461923351
Minnesota Timberwolves,0.3612010767999134,Orlando Magic,0.6387989232000866
Detroit Pistons,0.6133369296639626,Phoenix Suns,0.3866630703360375
Houston Rockets,0.20380068688043074,San Antonio Spurs,0.7961993131195693
Boston Celtics,0.4751186947104834,Washington Wizards,0.5248813052895166
Golden State Warriors,0.8750064241493083,Denver Nuggets,0.12499357585069168
Chicago Bulls,0.2853494951415344,Miami Heat,0.7146505048584656
New Orleans Pelicans,0.4069138685635999,Milwaukee Bucks,0.5930861314364001
Los Angeles Lakers,0.25905184239303514,Sacramento Kings,0.7409481576069649
New York Knicks,0.1993709602774555,Boston Celtics,0.8006290397225445
Toronto Raptors,0.5195245725249209,Charlotte Hornets,0.48047542747507915
Los Angeles Clippers,0.2833193105971622,Oklahoma City Thunder,0.7166806894028378
Utah Jazz,0.4972116305126978,Orlando Magic,0.5027883694873022
Indiana Pacers,0.8397322800078572,Philadelphia 76ers,0.16026771999214287
Sacramento Kings,0.16132888598279405,Portland Trail Blazers,0.838671114017206
Detroit Pistons,0.1811635630261108,San Antonio Spurs,0.8188364369738892
Cleveland Cavaliers,0.7498673831664122,Washington Wizards,0.25013261683358784
Philadelphia 76ers,0.07518091045994335,Atlanta Hawks,0.9248190895400566
Washington Wizards,0.33265071171624094,Chicago Bulls,0.6673492882837591
Detroit Pistons,0.5927053767023069,Denver Nuggets,0.4072946232976931
San Antonio Spurs,0.6536031446071714,Houston Rockets,0.3463968553928286
Boston Celtics,0.45043143566410926,Indiana Pacers,0.5495685643358907
Utah Jazz,0.2727249629905617,Miami Heat,0.7272750370094383
Memphis Grizzlies,0.4569986650044183,Milwaukee Bucks,0.5430013349955817
Los Angeles Clippers,0.683544770555689,Minnesota Timberwolves,0.31645522944431104
Los Angeles Lakers,0.30843017748278523,New Orleans Pelicans,0.6915698225172148
Brooklyn Nets,0.28807498663168796,Phoenix Suns,0.711925013368312
New York Knicks,0.13213970583571277,Toronto Raptors,0.8678602941642872
Charlotte Hornets,0.17205224263026675,Cleveland Cavaliers,0.8279477573697333
Phoenix Suns,0.05423185852504253,Golden State Warriors,0.9457681414749575
Los Angeles Lakers,0.2997313476018705,Minnesota Timberwolves,0.7002686523981295
Orlando Magic,0.1388829432235522,Oklahoma City Thunder,0.8611170567764478
Denver Nuggets,0.13866736186816486,Portland Trail Blazers,0.8613326381318351
Oklahoma City Thunder,0.6950965979417026,Detroit Pistons,0.30490340205829736
Philadelphia 76ers,0.08148073372404352,Houston Rockets,0.9185192662759565
Orlando Magic,0.28091504575139237,Indiana Pacers,0.7190849542486076
Brooklyn Nets,0.0875235280711919,Los Angeles Clippers,0.9124764719288081
Boston Celtics,0.6582883036971463,New Orleans Pelicans,0.3417116963028537
Dallas Mavericks,0.5349144712133362,New York Knicks,0.46508552878666376
Miami Heat,0.28563577531090545,San Antonio Spurs,0.7143642246890946
Memphis Grizzlies,0.2537724779628814,Utah Jazz,0.7462275220371186
Toronto Raptors,0.2417412838678159,Cleveland Cavaliers,0.7582587161321841
Brooklyn Nets,0.28879511618729725,Los Angeles Lakers,0.7112048838127027
Atlanta Hawks,0.3242938759069096,Miami Heat,0.6757061240930904
Charlotte Hornets,0.6542002790740011,Minnesota Timberwolves,0.34579972092599887
Chicago Bulls,0.26021956533429547,Portland Trail Blazers,0.7397804346657045
Milwaukee Bucks,0.21223418646535397,Atlanta Hawks,0.787765813534646
Dallas Mavericks,0.3449107556568486,Boston Celtics,0.6550892443431514
Phoenix Suns,0.36109291995988635,Denver Nuggets,0.6389070800401137
Cleveland Cavaliers,0.7307802713376819,Indiana Pacers,0.2692197286623181
Memphis Grizzlies,0.18492071648206598,Los Angeles Clippers,0.815079283517934
Detroit Pistons,0.49910789494913366,New York Knicks,0.5008921050508663
Houston Rockets,0.21038463959105336,Oklahoma City Thunder,0.7896153604089466
New Orleans Pelicans,0.3109110802067985,Orlando Magic,0.6890889197932015
Washington Wizards,0.8155524428037457,Philadelphia 76ers,0.18444755719625425
San Antonio Spurs,0.771689794652713,Sacramento Kings,0.228310205347287
Golden State Warriors,0.5729575025232738,Toronto Raptors,0.4270424974767261
Portland Trail Blazers,0.5528448975232587,Houston Rockets,0.4471551024767413
Milwaukee Bucks,0.15126323781074535,Miami Heat,0.8487367621892546
Philadelphia 76ers,0.1628588014674669,Minnesota Timberwolves,0.8371411985325331
Chicago Bulls,0.3928310551892382,Utah Jazz,0.6071689448107618
New York Knicks,0.2516777367966201,Washington Wizards,0.7483222632033799
Golden State Warriors,0.6869435332191187,Boston Celtics,0.3130564667808813
Atlanta Hawks,0.39276350604839216,Charlotte Hornets,0.6072364939516078
Detroit Pistons,0.12143348718129998,Cleveland Cavaliers,0.8785665128187
Memphis Grizzlies,0.23339928320894832,Dallas Mavericks,0.7666007167910517
Toronto Raptors,0.7704632833760344,Denver Nuggets,0.2295367166239656
Phoenix Suns,0.17806714350930664,Indiana Pacers,0.8219328564906934
San Antonio Spurs,0.8396048733523482,Los Angeles Lakers,0.1603951266476517
Portland Trail Blazers,0.7385735929755347,New Orleans Pelicans,0.2614264070244653
Brooklyn Nets,0.05548819023069007,Oklahoma City Thunder,0.9445118097693099
Los Angeles Clippers,0.6382520131554663,Sacramento Kings,0.3617479868445337
Boston Celtics,0.5113099016822114,Detroit Pistons,0.48869009831778865
Utah Jazz,0.38217669191808445,Houston Rockets,0.6178233080819155
Chicago Bulls,0.30149408968084934,Los Angeles Clippers,0.6985059103191507
Minnesota Timberwolves,0.39803585686167,Memphis Grizzlies,0.60196414313833
Golden State Warriors,0.8702976439230159,Milwaukee Bucks,0.12970235607698405
Charlotte Hornets,0.6634401450982678,New Orleans Pelicans,0.33655985490173224
Dallas Mavericks,0.5142744851722255,Orlando Magic,0.4857255148277745
Phoenix Suns,0.6120896101689431,Philadelphia 76ers,0.38791038983105686
Miami Heat,0.5268279836499226,Washington Wizards,0.47317201635007744
Portland Trail Blazers,0.8479525309760514,Brooklyn Nets,0.15204746902394858
Utah Jazz,0.6107218619811943,Denver Nuggets,0.3892781380188057
Chicago Bulls,0.6463008396855859,Los Angeles Lakers,0.35369916031441406
Atlanta Hawks,0.5789223902304591,New York Knicks,0.4210776097695409
Indiana Pacers,0.22898758488917403,Oklahoma City Thunder,0.771012415110826
Toronto Raptors,0.7033338279283612,Sacramento Kings,0.2966661720716388
Memphis Grizzlies,0.22048428679057885,Charlotte Hornets,0.7795157132094211
Houston Rockets,0.45171056625805994,Detroit Pistons,0.5482894337419401
Golden State Warriors,0.7285136646183464,Indiana Pacers,0.27148633538165357
Toronto Raptors,0.46446655816311166,Los Angeles Clippers,0.5355334418368883
Orlando Magic,0.4941430753280944,Milwaukee Bucks,0.5058569246719056
Boston Celtics,0.6489818328500486,Minnesota Timberwolves,0.3510181671499514
Miami Heat,0.8801337420726962,Philadelphia 76ers,0.11986625792730377
Dallas Mavericks,0.20342399582648485,San Antonio Spurs,0.7965760041735152
Phoenix Suns,0.19307097595921807,Washington Wizards,0.8069290240407819
New Orleans Pelicans,0.20548909603781895,Atlanta Hawks,0.794510903962181
Chicago Bulls,0.625535141925929,Denver Nuggets,0.374464858074071
Oklahoma City Thunder,0.835959106351325,Los Angeles Lakers,0.16404089364867497
Portland Trail Blazers,0.6822453761632061,New York Knicks,0.31775462383679387
Boston Celtics,0.7917884398009477,Brooklyn Nets,0.20821156019905226
San Antonio Spurs,0.6065400036572924,Charlotte Hornets,0.39345999634270756
Portland Trail Blazers,0.2294805555699796,Cleveland Cavaliers,0.7705194444300204
Los Angeles Clippers,0.46414422228361873,Dallas Mavericks,0.5358557777163813
Miami Heat,0.5627351253630674,Detroit Pistons,0.43726487463693264
Los Angeles Lakers,0.047820333951114846,Golden State Warriors,0.9521796660488852
Toronto Raptors,0.5696104544158106,Houston Rockets,0.4303895455841894
Atlanta Hawks,0.4349227555822214,Indiana Pacers,0.5650772444177786
Minnesota Timberwolves,0.4469689962272091,New Orleans Pelicans,0.5530310037727909
Phoenix Suns,0.2626723663710311,Orlando Magic,0.7373276336289689
Memphis Grizzlies,0.7102652419490536,Philadelphia 76ers,0.2897347580509464
Oklahoma City Thunder,0.766928850272602,Sacramento Kings,0.23307114972739798
Denver Nuggets,0.22846437552933996,Utah Jazz,0.77153562447066
San Antonio Spurs,0.6000040276935829,Boston Celtics,0.39999597230641715
Dallas Mavericks,0.13758781462174907,Cleveland Cavaliers,0.8624121853782509
Oklahoma City Thunder,0.82328368449229,Denver Nuggets,0.17671631550771
Los Angeles Clippers,0.5500297655173945,Detroit Pistons,0.4499702344826055
Brooklyn Nets,0.12457231204294006,Indiana Pacers,0.8754276879570599
Golden State Warriors,0.8844924115864773,Los Angeles Lakers,0.1155075884135227
Miami Heat,0.6597021618575236,Memphis Grizzlies,0.3402978381424763
Toronto Raptors,0.7628833874376839,Milwaukee Bucks,0.23711661256231603
Charlotte Hornets,0.5996974447049157,New York Knicks,0.40030255529508424
Washington Wizards,0.49956784238793195,Orlando Magic,0.500432157612068
Chicago Bulls,0.8234411145633214,Philadelphia 76ers,0.17655888543667864
Minnesota Timberwolves,0.4943868138173858,Phoenix Suns,0.5056131861826142
New Orleans Pelicans,0.13098250960206503,Portland Trail Blazers,0.869017490397935
Houston Rockets,0.5432002119932016,Sacramento Kings,0.45679978800679844
Atlanta Hawks,0.4374649932711636,Utah Jazz,0.5625350067288364
New York Knicks,0.2037659548274382,Charlotte Hornets,0.7962340451725618
Minnesota Timberwolves,0.08342017316726758,Golden State Warriors,0.9165798268327324
Memphis Grizzlies,0.17346823091246844,Miami Heat,0.8265317690875316
Detroit Pistons,0.18718813723638306,Oklahoma City Thunder,0.8128118627636169
San Antonio Spurs,0.6695229275318497,Washington Wizards,0.33047707246815033
Sacramento Kings,0.6190119483676242,Brooklyn Nets,0.38098805163237587
New Orleans Pelicans,0.19884604852235332,Dallas Mavericks,0.8011539514776467
Los Angeles Clippers,0.4891556917449307,Indiana Pacers,0.5108443082550693
Atlanta Hawks,0.6871414802788263,Los Angeles Lakers,0.3128585197211737
Milwaukee Bucks,0.31972406803739484,Orlando Magic,0.6802759319626052
Cleveland Cavaliers,0.9518546278230863,Philadelphia 76ers,0.04814537217691376
Denver Nuggets,0.4545593640504839,Phoenix Suns,0.5454406359495161
Houston Rockets,0.26172934026022776,Portland Trail Blazers,0.7382706597397722
Atlanta Hawks,0.16923975081952736,Golden State Warriors,0.8307602491804726
Charlotte Hornets,0.6172593513725328,Memphis Grizzlies,0.3827406486274671
Boston Celtics,0.33821883642336426,Miami Heat,0.6617811635766357
Utah Jazz,0.5756564480174977,Minnesota Timberwolves,0.4243435519825023
Oklahoma City Thunder,0.7613374530957997,New York Knicks,0.23866254690420036
Philadelphia 76ers,0.041337454538606044,Toronto Raptors,0.958662545461394
Sacramento Kings,0.2788867345426109,Washington Wizards,0.7211132654573891
Los Angeles Clippers,0.8162707945102203,Brooklyn Nets,0.1837292054897796
Detroit Pistons,0.3191609638350609,Charlotte Hornets,0.6808390361649391
Cleveland Cavaliers,0.8715891637259895,Milwaukee Bucks,0.1284108362740105
Los Angeles Lakers,0.30843017748278523,New Orleans Pelicans,0.6915698225172148
Orlando Magic,0.13415644809575733,San Antonio Spurs,0.8658435519042427
Houston Rockets,0.39469972829253475,Utah Jazz,0.6053002717074653
Detroit Pistons,0.31325623618692944,Boston Celtics,0.6867437638130706
Los Angeles Lakers,0.13479741633985742,Chicago Bulls,0.8652025836601426
San Antonio Spurs,0.6239673947762183,Dallas Mavericks,0.3760326052237816
Miami Heat,0.7245149888393421,Denver Nuggets,0.2754850111606579
New York Knicks,0.40721027741259874,Minnesota Timberwolves,0.5927897225874013
Washington Wizards,0.2004036266373278,Oklahoma City Thunder,0.7995963733626722
Atlanta Hawks,0.6863866884439256,Phoenix Suns,0.31361331155607436
Indiana Pacers,0.2832437871787227,Portland Trail Blazers,0.7167562128212773
Memphis Grizzlies,0.1440444750812131,Toronto Raptors,0.8559555249187869
Milwaukee Bucks,0.5700987085262899,Brooklyn Nets,0.42990129147371015
Dallas Mavericks,0.35110709876424007,Charlotte Hornets,0.6488929012357599
Los Angeles Clippers,0.19176297075212634,Cleveland Cavaliers,0.8082370292478737
Houston Rockets,0.14589492309697194,Golden State Warriors,0.8541050769030281
Orlando Magic,0.428969967223088,Memphis Grizzlies,0.571030032776912
Miami Heat,0.5046079282019691,Utah Jazz,0.49539207179803096
Detroit Pistons,0.34461141195863976,Atlanta Hawks,0.6553885880413602
Sacramento Kings,0.22260724292410927,Boston Celtics,0.7773927570758907
Cleveland Cavaliers,0.6902880279722539,Chicago Bulls,0.3097119720277461
Houston Rockets,0.6273669909969886,Denver Nuggets,0.37263300900301144
Los Angeles Clippers,0.6923692549549949,New Orleans Pelicans,0.30763074504500515
Minnesota Timberwolves,0.38051029647127743,New York Knicks,0.6194897035287226
Orlando Magic,0.7399435433162125,Philadelphia 76ers,0.26005645668378746
Washington Wizards,0.19405526416807795,San Antonio Spurs,0.805944735831922
Los Angeles Lakers,0.08665029126151291,Toronto Raptors,0.9133497087384871
Minnesota Timberwolves,0.22418460290863185,Charlotte Hornets,0.7758153970913682
Chicago Bulls,0.36678121902041405,Dallas Mavericks,0.633218780979586
Phoenix Suns,0.05423185852504253,Golden State Warriors,0.9457681414749575
Los Angeles Lakers,0.26733234274246187,Memphis Grizzlies,0.7326676572575381
Brooklyn Nets,0.262439460206465,Milwaukee Bucks,0.737560539793535
Boston Celtics,0.8565190986039983,Philadelphia 76ers,0.14348090139600164
Miami Heat,0.3564127820296613,Portland Trail Blazers,0.6435872179703387
Atlanta Hawks,0.2778883089822437,Toronto Raptors,0.7221116910177563
Denver Nuggets,0.22846437552933996,Utah Jazz,0.77153562447066
Orlando Magic,0.3327546885307432,Detroit Pistons,0.6672453114692568
Indiana Pacers,0.3265582070473545,Los Angeles Clippers,0.6734417929526455
Sacramento Kings,0.38481379965375107,New York Knicks,0.6151862003462489
New Orleans Pelicans,0.10175194385670161,Oklahoma City Thunder,0.8982480561432984
Oklahoma City Thunder,0.6273309838966611,Atlanta Hawks,0.3726690161033389
Washington Wizards,0.7379934453877501,Brooklyn Nets,0.2620065546122498
Portland Trail Blazers,0.4967115255824074,Chicago Bulls,0.5032884744175926
Charlotte Hornets,0.4313791833943158,Dallas Mavericks,0.5686208166056842
Indiana Pacers,0.15995058565380083,Golden State Warriors,0.8400494143461992
Boston Celtics,0.45742326834735747,Houston Rockets,0.5425767316526425
Utah Jazz,0.6318255289681508,Los Angeles Lakers,0.3681744710318492
San Antonio Spurs,0.8210101526103235,Milwaukee Bucks,0.1789898473896765
Memphis Grizzlies,0.44168497090839953,New Orleans Pelicans,0.5583150290916005
Denver Nuggets,0.6809763812318603,Philadelphia 76ers,0.31902361876813967
Cleveland Cavaliers,0.5757665488917358,Toronto Raptors,0.4242334511082641
Chicago Bulls,0.4497725408499853,Detroit Pistons,0.5502274591500147
Philadelphia 76ers,0.14224943064679108,Memphis Grizzlies,0.8577505693532089
New York Knicks,0.15958507297981495,Miami Heat,0.840414927020185
San Antonio Spurs,0.8053701388202026,Minnesota Timberwolves,0.1946298611797974
Phoenix Suns,0.1795851435253859,Utah Jazz,0.8204148564746141
Orlando Magic,0.3014069509350017,Washington Wizards,0.6985930490649983
Miami Heat,0.4872521928446607,Atlanta Hawks,0.5127478071553393
Denver Nuggets,0.5762327657525687,Brooklyn Nets,0.42376723424743135
Detroit Pistons,0.3191609638350609,Charlotte Hornets,0.6808390361649391
Sacramento Kings,0.24056281796892642,Dallas Mavericks,0.7594371820310736
Los Angeles Lakers,0.1633016382063116,Houston Rockets,0.8366983617936884
Golden State Warriors,0.6439766409039209,Los Angeles Clippers,0.356023359096079
Portland Trail Blazers,0.7503468667977589,Milwaukee Bucks,0.24965313320224117
Cleveland Cavaliers,0.8290246091494078,New York Knicks,0.17097539085059218
Boston Celtics,0.5740624631319072,Orlando Magic,0.42593753686809277
Indiana Pacers,0.6716615257313205,Phoenix Suns,0.3283384742686794
San Antonio Spurs,0.600989372869748,Chicago Bulls,0.399010627130252
Portland Trail Blazers,0.6980094628186733,Memphis Grizzlies,0.3019905371813268
Philadelphia 76ers,0.16854136785457696,New Orleans Pelicans,0.831458632145423
Minnesota Timberwolves,0.1467033593219984,Toronto Raptors,0.8532966406780016
Golden State Warriors,0.7305533582751269,Utah Jazz,0.2694466417248731
Denver Nuggets,0.24452674460954182,Washington Wizards,0.7554732553904582
Toronto Raptors,0.5127044222757118,Boston Celtics,0.48729557772428816
Orlando Magic,0.24715496574620366,Charlotte Hornets,0.7528450342537963
Miami Heat,0.19986851709901854,Cleveland Cavaliers,0.8001314829009815
Indiana Pacers,0.3942097722675979,Dallas Mavericks,0.6057902277324021
Phoenix Suns,0.382036111160887,Los Angeles Lakers,0.617963888839113
Atlanta Hawks,0.658069814290225,Milwaukee Bucks,0.34193018570977496
Detroit Pistons,0.5571937554590317,Minnesota Timberwolves,0.4428062445409683
Houston Rockets,0.21038463959105336,Oklahoma City Thunder,0.7896153604089466
New York Knicks,0.359430911609396,Sacramento Kings,0.640569088390604
Miami Heat,0.45288424635798197,Chicago Bulls,0.547115753642018
Charlotte Hornets,0.17205224263026675,Cleveland Cavaliers,0.8279477573697333
Dallas Mavericks,0.39842009469135553,Houston Rockets,0.6015799053086445
Portland Trail Blazers,0.5458618959548288,Indiana Pacers,0.4541381040451712
New Orleans Pelicans,0.15608316169639813,Los Angeles Clippers,0.8439168383036019
Golden State Warriors,0.8376664595156456,Memphis Grizzlies,0.1623335404843545
Denver Nuggets,0.32520203597344766,Orlando Magic,0.6747979640265523
Brooklyn Nets,0.053423727484591454,San Antonio Spurs,0.9465762725154085
Sacramento Kings,0.2613481352095307,Utah Jazz,0.7386518647904693
Milwaukee Bucks,0.23992455835821103,Washington Wizards,0.760075441641789
Philadelphia 76ers,0.09917468281010244,Detroit Pistons,0.9008253171898976
New York Knicks,0.4649522414910092,Los Angeles Lakers,0.5350477585089908
Golden State Warriors,0.8582206174101327,Minnesota Timberwolves,0.14177938258986733
Boston Celtics,0.25282545543533685,Oklahoma City Thunder,0.7471745445646631
New Orleans Pelicans,0.4382759147292119,Phoenix Suns,0.5617240852707881
Denver Nuggets,0.2095523967245685,Dallas Mavericks,0.7904476032754315
Brooklyn Nets,0.12768114904351524,Houston Rockets,0.8723188509564848
Charlotte Hornets,0.45612795354001323,Indiana Pacers,0.5438720464599868
Portland Trail Blazers,0.44757741098687964,Los Angeles Clippers,0.5524225890131204
Washington Wizards,0.2745983662561232,Miami Heat,0.7254016337438768
Los Angeles Lakers,0.25905184239303514,Sacramento Kings,0.7409481576069649
Milwaukee Bucks,0.1250361256508813,Toronto Raptors,0.8749638743491187
Orlando Magic,0.2691332770177731,Atlanta Hawks,0.7308667229822269
Minnesota Timberwolves,0.22017500000674717,Chicago Bulls,0.7798249999932528
Memphis Grizzlies,0.07697746019654261,Cleveland Cavaliers,0.9230225398034574
Golden State Warriors,0.8631493849374734,New Orleans Pelicans,0.1368506150625266
New York Knicks,0.4640794806132946,Phoenix Suns,0.5359205193867054
Oklahoma City Thunder,0.4952046227723096,Portland Trail Blazers,0.5047953772276904
Los Angeles Lakers,0.46819184582392204,Brooklyn Nets,0.531808154176078
Detroit Pistons,0.3353692692261735,Dallas Mavericks,0.6646307307738265
Sacramento Kings,0.26481253520750503,Houston Rockets,0.735187464792495
Cleveland Cavaliers,0.8392228800740524,Memphis Grizzlies,0.16077711992594756
Indiana Pacers,0.309666474251706,Miami Heat,0.690333525748294
Los Angeles Clippers,0.6115872677747682,Orlando Magic,0.3884127322252317
Toronto Raptors,0.9035805261904234,Philadelphia 76ers,0.09641947380957658
Boston Celtics,0.2453259767427468,San Antonio Spurs,0.7546740232572532
Oklahoma City Thunder,0.6434151939826993,Utah Jazz,0.3565848060173007
Charlotte Hornets,0.4808542498153514,Washington Wizards,0.5191457501846486
Portland Trail Blazers,0.7582004961191313,Denver Nuggets,0.24179950388086863
New York Knicks,0.07458966099479225,Golden State Warriors,0.9254103390052077
Chicago Bulls,0.6155573937216815,Milwaukee Bucks,0.3844426062783185
Indiana Pacers,0.6283718560907221,New Orleans Pelicans,0.37162814390927795
San Antonio Spurs,0.8391317964967501,Phoenix Suns,0.16086820350324993
Charlotte Hornets,0.40681043619791846,Boston Celtics,0.5931895638020815
Milwaukee Bucks,0.1900735890996954,Chicago Bulls,0.8099264109003046
New Orleans Pelicans,0.220109353090853,Houston Rockets,0.779890646909147
Sacramento Kings,0.40240881690054053,Memphis Grizzlies,0.5975911830994595
Los Angeles Clippers,0.37385869541026473,Miami Heat,0.6261413045897353
Brooklyn Nets,0.1896243322921901,Orlando Magic,0.8103756677078099
Los Angeles Lakers,0.5801844086772667,Philadelphia 76ers,0.4198155913227332
Atlanta Hawks,0.2778883089822437,Toronto Raptors,0.7221116910177563
Dallas Mavericks,0.3941448623540561,Utah Jazz,0.6058551376459439
Detroit Pistons,0.38121520059554614,Washington Wizards,0.6187847994044539
Charlotte Hornets,0.44150955698328076,Atlanta Hawks,0.5584904430167192
Los Angeles Lakers,0.04490407849530864,Cleveland Cavaliers,0.9550959215046914
New York Knicks,0.44272003770175805,Denver Nuggets,0.557279962298242
Indiana Pacers,0.4787153968159933,Detroit Pistons,0.5212846031840067
Portland Trail Blazers,0.24135478641880503,Golden State Warriors,0.758645213581195
Houston Rockets,0.5928012390843502,Minnesota Timberwolves,0.40719876091564977
Phoenix Suns,0.08209853970765568,Oklahoma City Thunder,0.9179014602923443
Sacramento Kings,0.24056281796892642,Dallas Mavericks,0.7594371820310736
Utah Jazz,0.5362725535699391,Memphis Grizzlies,0.4637274464300609
Boston Celtics,0.33821883642336426,Miami Heat,0.6617811635766357
Toronto Raptors,0.6790540206381247,Orlando Magic,0.3209459793618753
Brooklyn Nets,0.5089430879395669,Philadelphia 76ers,0.4910569120604331
New Orleans Pelicans,0.09814507566713149,San Antonio Spurs,0.9018549243328685
Los Angeles Clippers,0.5139803901405099,Washington Wizards,0.4860196098594901
Detroit Pistons,0.31414050568923113,Chicago Bulls,0.6858594943107689
Dallas Mavericks,0.6268237555540344,Denver Nuggets,0.3731762444459656
Washington Wizards,0.37775177089099443,Indiana Pacers,0.6222482291090056
Phoenix Suns,0.3282736231431519,Minnesota Timberwolves,0.6717263768568481
Atlanta Hawks,0.241135212786439,Oklahoma City Thunder,0.758864787213561
Los Angeles Lakers,0.13752640881510203,Charlotte Hornets,0.862473591184898
Utah Jazz,0.13731670557822517,Golden State Warriors,0.8626832944217748
San Antonio Spurs,0.6536031446071714,Houston Rockets,0.3463968553928286
Denver Nuggets,0.1649611394496575,Los Angeles Clippers,0.8350388605503425
Boston Celtics,0.6118142221449443,Memphis Grizzlies,0.38818577785505565
Orlando Magic,0.19588077878376353,Miami Heat,0.8041192212162365
Cleveland Cavaliers,0.8715891637259895,Milwaukee Bucks,0.1284108362740105
Indiana Pacers,0.562368566393059,New York Knicks,0.437631433606941
New Orleans Pelicans,0.6664930072145793,Philadelphia 76ers,0.33350699278542073
Portland Trail Blazers,0.6889326583258109,Sacramento Kings,0.31106734167418915
Brooklyn Nets,0.0664222134112703,Toronto Raptors,0.9335777865887297
Minnesota Timberwolves,0.24478442688585655,Atlanta Hawks,0.7552155731141434
Washington Wizards,0.33265071171624094,Chicago Bulls,0.6673492882837591
Milwaukee Bucks,0.06613556781087204,Cleveland Cavaliers,0.933864432189128
Memphis Grizzlies,0.30053432409842273,Detroit Pistons,0.6994656759015773
Oklahoma City Thunder,0.8075990272230323,New Orleans Pelicans,0.19240097277696766
Houston Rockets,0.6472876059986572,Phoenix Suns,0.35271239400134285
Dallas Mavericks,0.26128071441374345,Portland Trail Blazers,0.7387192855862565
Sacramento Kings,0.2613481352095307,Utah Jazz,0.7386518647904693
Golden State Warriors,0.9256533916311068,Brooklyn Nets,0.07434660836889313
Boston Celtics,0.45043143566410926,Indiana Pacers,0.5495685643358907
San Antonio Spurs,0.552871476040641,Los Angeles Clippers,0.447128523959359
Los Angeles Lakers,0.10579932964273486,Miami Heat,0.8942006703572651
Orlando Magic,0.41101235041083395,New York Knicks,0.588987649589166
Oklahoma City Thunder,0.5935486060274837,Boston Celtics,0.40645139397251623
Chicago Bulls,0.3498539091949988,Charlotte Hornets,0.6501460908050012
Brooklyn Nets,0.034058046092780625,Cleveland Cavaliers,0.9659419539072194
Atlanta Hawks,0.6675401228803437,Denver Nuggets,0.33245987711965636
Golden State Warriors,0.7740407018091832,Detroit Pistons,0.22595929819081687
Dallas Mavericks,0.30265469271862155,Los Angeles Clippers,0.6973453072813784
Houston Rockets,0.5537751197159082,Memphis Grizzlies,0.4462248802840918
Washington Wizards,0.6028601199757884,Milwaukee Bucks,0.3971398800242117
Sacramento Kings,0.44131762603245905,Minnesota Timberwolves,0.558682373967541
Miami Heat,0.703224074980037,New Orleans Pelicans,0.29677592501996297
Los Angeles Lakers,0.23781455086379644,Orlando Magic,0.7621854491362036
Philadelphia 76ers,0.19694018043617245,Phoenix Suns,0.8030598195638275
San Antonio Spurs,0.5019112494364082,Portland Trail Blazers,0.49808875056359175
Toronto Raptors,0.5652242082843153,Utah Jazz,0.43477579171568465
Golden State Warriors,0.39936379291177326,Cleveland Cavaliers,0.6006362070882267
Los Angeles Clippers,0.7320795539197666,Los Angeles Lakers,0.2679204460802334
Boston Celtics,0.5941667366830179,New York Knicks,0.4058332633169821
Minnesota Timberwolves,0.12431367975413699,Oklahoma City Thunder,0.875686320245863
Chicago Bulls,0.2025333995204457,San Antonio Spurs,0.7974666004795543
Charlotte Hornets,0.795552656891032,Brooklyn Nets,0.20444734310896792
Indiana Pacers,0.37133739565353985,Chicago Bulls,0.6286626043464602
Cleveland Cavaliers,0.7760440570981431,Detroit Pistons,0.22395594290185694
Phoenix Suns,0.18223309770532425,Houston Rockets,0.8177669022946757
Denver Nuggets,0.1649611394496575,Los Angeles Clippers,0.8350388605503425
Atlanta Hawks,0.6345300114594856,Minnesota Timberwolves,0.36546998854051443
Dallas Mavericks,0.6021289234956233,New Orleans Pelicans,0.39787107650437675
Memphis Grizzlies,0.3562777835356242,Orlando Magic,0.6437222164643758
Toronto Raptors,0.41410810605882276,Portland Trail Blazers,0.5858918939411772
Philadelphia 76ers,0.1371182289739863,Sacramento Kings,0.8628817710260137
Milwaukee Bucks,0.23992455835821103,Washington Wizards,0.760075441641789
Memphis Grizzlies,0.21582643980056726,Boston Celtics,0.7841735601994327
Houston Rockets,0.3686012026940534,Dallas Mavericks,0.6313987973059466
Utah Jazz,0.6318255289681505,Los Angeles Lakers,0.3681744710318496
Oklahoma City Thunder,0.5268657724417525,Miami Heat,0.4731342275582476
New York Knicks,0.22302892559504572,Atlanta Hawks,0.7769710744049543
Brooklyn Nets,0.10461705278908284,Chicago Bulls,0.8953829472109172
Minnesota Timberwolves,0.4728632438816156,Denver Nuggets,0.5271367561183844
Milwaukee Bucks,0.26732475201661265,Detroit Pistons,0.7326752479833873
Toronto Raptors,0.25404076504639495,Golden State Warriors,0.745959234953605
Los Angeles Clippers,0.6923692549549949,New Orleans Pelicans,0.30763074504500515
Charlotte Hornets,0.5796733321354042,Orlando Magic,0.4203266678645958
Sacramento Kings,0.16132888598279405,Portland Trail Blazers,0.838671114017206
Phoenix Suns,0.0791269690414097,San Antonio Spurs,0.9208730309585903
Indiana Pacers,0.442741112862861,Washington Wizards,0.557258887137139
Miami Heat,0.45863929379931645,Charlotte Hornets,0.5413607062006836
Boston Celtics,0.1688023761083841,Cleveland Cavaliers,0.8311976238916159
Dallas Mavericks,0.6475582559662548,Los Angeles Lakers,0.3524417440337452
Oklahoma City Thunder,0.7744747851774382,Memphis Grizzlies,0.22552521482256183
Toronto Raptors,0.785351419304867,Phoenix Suns,0.21464858069513307
Philadelphia 76ers,0.0801532778665045,Utah Jazz,0.9198467221334955
Detroit Pistons,0.34461141195863976,Atlanta Hawks,0.6553885880413602
Miami Heat,0.45186673478543893,Boston Celtics,0.5481332652145611
Philadelphia 76ers,0.1836623137174963,Denver Nuggets,0.8163376862825037
Dallas Mavericks,0.14560568801324825,Golden State Warriors,0.8543943119867518
Los Angeles Clippers,0.4962058905875987,Houston Rockets,0.5037941094124013
Chicago Bulls,0.39036820240326053,Indiana Pacers,0.6096317975967395
Milwaukee Bucks,0.39199859884762345,Minnesota Timberwolves,0.6080014011523766
New York Knicks,0.4171701358251404,New Orleans Pelicans,0.5828298641748596
Portland Trail Blazers,0.3228279795739264,San Antonio Spurs,0.6771720204260736
Brooklyn Nets,0.1358134966833261,Washington Wizards,0.8641865033166739
Milwaukee Bucks,0.1900735890996954,Chicago Bulls,0.8099264109003046
Cleveland Cavaliers,0.6952263870907518,Charlotte Hornets,0.30477361290924815
New York Knicks,0.23852247064387833,Houston Rockets,0.7614775293561217
Los Angeles Clippers,0.28331931059716264,Oklahoma City Thunder,0.7166806894028374
Memphis Grizzlies,0.38278113617754006,Sacramento Kings,0.6172188638224599
Phoenix Suns,0.1795851435253859,Utah Jazz,0.8204148564746141
San Antonio Spurs,0.6335810890676044,Atlanta Hawks,0.36641891093239565
Orlando Magic,0.28091504575139237,Indiana Pacers,0.7190849542486076
Toronto Raptors,0.7859423073829971,Los Angeles Lakers,0.21405769261700291
Detroit Pistons,0.258069276207356,Miami Heat,0.741930723792644
Portland Trail Blazers,0.730558709476284,Minnesota Timberwolves,0.26944129052371596
Utah Jazz,0.7361669594627325,Brooklyn Nets,0.26383304053726747
Charlotte Hornets,0.4078019729315574,Chicago Bulls,0.5921980270684426
New Orleans Pelicans,0.06365847691460447,Cleveland Cavaliers,0.9363415230853955
Denver Nuggets,0.0719862937695046,Golden State Warriors,0.9280137062304954
Washington Wizards,0.3844045496321822,Houston Rockets,0.6155954503678178
Phoenix Suns,0.12742435178728362,Los Angeles Clippers,0.8725756482127164
Oklahoma City Thunder,0.8170338342627868,Milwaukee Bucks,0.18296616573721328
Orlando Magic,0.41101235041083395,New York Knicks,0.588987649589166
Utah Jazz,0.3296534586355433,Boston Celtics,0.6703465413644567
Washington Wizards,0.35448383768508174,Dallas Mavericks,0.6455161623149183
Sacramento Kings,0.4774063078400651,Denver Nuggets,0.5225936921599349
Indiana Pacers,0.4787153968159933,Detroit Pistons,0.5212846031840067
Memphis Grizzlies,0.4899147133807181,Los Angeles Lakers,0.5100852866192819
Minnesota Timberwolves,0.7146495584690463,Philadelphia 76ers,0.2853504415309537
Miami Heat,0.7413830335959242,Phoenix Suns,0.25861696640407583
Toronto Raptors,0.33788901825097195,San Antonio Spurs,0.662110981749028
Oklahoma City Thunder,0.6001197642728622,Charlotte Hornets,0.3998802357271379
Chicago Bulls,0.1369359022407175,Cleveland Cavaliers,0.8630640977592825
Portland Trail Blazers,0.24135478641880503,Golden State Warriors,0.758645213581195
Memphis Grizzlies,0.18492071648206598,Los Angeles Clippers,0.815079283517934
Milwaukee Bucks,0.3379891666425413,New York Knicks,0.6620108333574587
Atlanta Hawks,0.5586239216890028,Orlando Magic,0.4413760783109972
Miami Heat,0.6500512212587448,Sacramento Kings,0.34994877874125513
Phoenix Suns,0.16385999322499523,Dallas Mavericks,0.8361400067750048
San Antonio Spurs,0.8271529121505163,Denver Nuggets,0.17284708784948372
Charlotte Hornets,0.5170519736710415,Detroit Pistons,0.4829480263289585
Oklahoma City Thunder,0.6475045540647304,Houston Rockets,0.35249544593526966
Brooklyn Nets,0.12457231204294006,Indiana Pacers,0.8754276879570599
Atlanta Hawks,0.6440094640193726,New Orleans Pelicans,0.35599053598062735
Los Angeles Lakers,0.09439331668110351,Portland Trail Blazers,0.9056066833188965
Utah Jazz,0.23117411946508903,Toronto Raptors,0.768825880534911
Philadelphia 76ers,0.06587632952086353,Boston Celtics,0.9341236704791365
Cleveland Cavaliers,0.9264402924158476,Brooklyn Nets,0.07355970758415238
Memphis Grizzlies,0.08179829826983143,Golden State Warriors,0.9182017017301686
Miami Heat,0.7420552045898621,Los Angeles Lakers,0.2579447954101379
New York Knicks,0.43229197762819604,Milwaukee Bucks,0.567708022371804
Houston Rockets,0.5148547524575537,Orlando Magic,0.4851452475424462
Los Angeles Clippers,0.6382520131554663,Sacramento Kings,0.3617479868445337
Minnesota Timberwolves,0.2752378446081991,Washington Wizards,0.7247621553918009
New Orleans Pelicans,0.18325286059279589,Boston Celtics,0.8167471394072041
Toronto Raptors,0.5137305320666381,Chicago Bulls,0.48626946793336195
Atlanta Hawks,0.4104562262773739,Dallas Mavericks,0.5895437737226261
New York Knicks,0.23343703663553939,Indiana Pacers,0.7665629633644606
Utah Jazz,0.5756564480174977,Minnesota Timberwolves,0.4243435519825023
Denver Nuggets,0.10793482095607931,Oklahoma City Thunder,0.8920651790439207
Charlotte Hornets,0.2496066937910284,San Antonio Spurs,0.7503933062089716
Philadelphia 76ers,0.2857866113089931,Brooklyn Nets,0.7142133886910069
Miami Heat,0.4046002352987579,Los Angeles Clippers,0.5953997647012421
Orlando Magic,0.5271372863703492,Los Angeles Lakers,0.4728627136296509
Utah Jazz,0.5362725535699391,Memphis Grizzlies,0.4637274464300609
Washington Wizards,0.6028601199757884,Milwaukee Bucks,0.3971398800242117
Cleveland Cavaliers,0.8853053629853443,Phoenix Suns,0.11469463701465563
Detroit Pistons,0.23455332387558236,Portland Trail Blazers,0.7654466761244176
Golden State Warriors,0.8317756182502041,Sacramento Kings,0.1682243817497959
Houston Rockets,0.24395756020723403,Toronto Raptors,0.756042439792766
Oklahoma City Thunder,0.594539107277585,Chicago Bulls,0.405460892722415
Dallas Mavericks,0.5922403644773107,Minnesota Timberwolves,0.40775963552268935
New Orleans Pelicans,0.32891614081278364,New York Knicks,0.6710838591872164
Atlanta Hawks,0.7812342011609604,Brooklyn Nets,0.21876579883903957
Miami Heat,0.21062935856727893,Golden State Warriors,0.7893706414327211
Charlotte Hornets,0.4631336933977662,Houston Rockets,0.5368663066022338
Portland Trail Blazers,0.7742641862512027,Los Angeles Lakers,0.22573581374879728
Detroit Pistons,0.5068635093655178,Sacramento Kings,0.49313649063448217
Milwaukee Bucks,0.10181819158055616,San Antonio Spurs,0.8981818084194438
Boston Celtics,0.29067784022691157,Toronto Raptors,0.7093221597730884
Cleveland Cavaliers,0.7328091814780806,Utah Jazz,0.26719081852191934
Chicago Bulls,0.414244864680279,Washington Wizards,0.585755135319721
Washington Wizards,0.3317395400505816,Boston Celtics,0.6682604599494184
Orlando Magic,0.2084397979008057,Los Angeles Clippers,0.7915602020991943
Houston Rockets,0.5928012390843502,Minnesota Timberwolves,0.40719876091564977
Memphis Grizzlies,0.12200257123860192,Oklahoma City Thunder,0.8779974287613981
New York Knicks,0.6892462700484576,Philadelphia 76ers,0.31075372995154243
Cleveland Cavaliers,0.5985728180403086,Portland Trail Blazers,0.4014271819596914
New Orleans Pelicans,0.5600661899945082,Brooklyn Nets,0.4399338100054918
Indiana Pacers,0.6523782157198714,Denver Nuggets,0.3476217842801285
Detroit Pistons,0.12865040522470994,Golden State Warriors,0.8713495947752901
Chicago Bulls,0.5335446603004455,New York Knicks,0.4664553396995546
Dallas Mavericks,0.646757059777612,Phoenix Suns,0.353242940222388
Los Angeles Lakers,0.06999004428480726,San Antonio Spurs,0.9300099557151927
Boston Celtics,0.43584930020877,Atlanta Hawks,0.56415069979123
Memphis Grizzlies,0.25717141919748987,Houston Rockets,0.7428285808025101
Miami Heat,0.7159771091169704,Milwaukee Bucks,0.28402289088302957
Oklahoma City Thunder,0.8011305331447316,Minnesota Timberwolves,0.19886946685526846
Charlotte Hornets,0.8593209842526774,Philadelphia 76ers,0.1406790157473226
Orlando Magic,0.17668212882605405,Portland Trail Blazers,0.823317871173946
Cleveland Cavaliers,0.8333772843431788,Sacramento Kings,0.16662271565682113
Brooklyn Nets,0.0664222134112703,Toronto Raptors,0.9335777865887297
Detroit Pistons,0.36045811120454274,Utah Jazz,0.6395418887954573
New Orleans Pelicans,0.18386840688435901,Chicago Bulls,0.816131593115641
Los Angeles Lakers,0.11339720146338794,Los Angeles Clippers,0.8866027985366121
San Antonio Spurs,0.8391317964967501,Phoenix Suns,0.16086820350324993
Orlando Magic,0.28300792332821334,Utah Jazz,0.7169920766717867
Philadelphia 76ers,0.0869638138835318,Washington Wizards,0.9130361861164682
Milwaukee Bucks,0.21223418646535397,Atlanta Hawks,0.787765813534646
Houston Rockets,0.7496470088042135,Brooklyn Nets,0.2503529911957865
Minnesota Timberwolves,0.23725037887649247,Dallas Mavericks,0.7627496211235075
Detroit Pistons,0.6141687066855215,Los Angeles Lakers,0.38583129331447846
Chicago Bulls,0.5518399299624654,Memphis Grizzlies,0.4481600700375345
Oklahoma City Thunder,0.766928850272602,Sacramento Kings,0.23307114972739798
New York Knicks,0.13213970583571277,Toronto Raptors,0.8678602941642872
Charlotte Hornets,0.40681043619791846,Boston Celtics,0.5931895638020815
Orlando Magic,0.5047366331171724,Denver Nuggets,0.49526336688282757
Cleveland Cavaliers,0.41808346225030535,Golden State Warriors,0.5819165377496947
New Orleans Pelicans,0.21530549688495737,Indiana Pacers,0.7846945031150426
Oklahoma City Thunder,0.5462306644196764,Los Angeles Clippers,0.4537693355803237
Philadelphia 76ers,0.17739384707714334,Milwaukee Bucks,0.8226061529228567
Atlanta Hawks,0.5789223902304591,New York Knicks,0.4210776097695409
Utah Jazz,0.6310089474543501,Phoenix Suns,0.3689910525456499
Portland Trail Blazers,0.5703513609142248,Washington Wizards,0.42964863908577516
Toronto Raptors,0.8565249034120965,Brooklyn Nets,0.14347509658790353
Dallas Mavericks,0.34583938178533447,Chicago Bulls,0.6541606182146655
Denver Nuggets,0.4554294359173302,Los Angeles Lakers,0.5445705640826698
Houston Rockets,0.28694851790975895,Miami Heat,0.713051482090241
Minnesota Timberwolves,0.12001390597219685,San Antonio Spurs,0.8799860940278031
New York Knicks,0.1993709602774555,Boston Celtics,0.8006290397225445
Portland Trail Blazers,0.5025119774939264,Charlotte Hornets,0.49748802250607366
Atlanta Hawks,0.49559536436769047,Detroit Pistons,0.5044046356323095
Oklahoma City Thunder,0.3209629319004125,Golden State Warriors,0.6790370680995875
Milwaukee Bucks,0.2271971146202827,Houston Rockets,0.7728028853797173
Orlando Magic,0.4786819465990799,New Orleans Pelicans,0.5213180534009201
Toronto Raptors,0.9035805261904234,Philadelphia 76ers,0.09641947380957658
Indiana Pacers,0.5699885784449636,Sacramento Kings,0.43001142155503636
Memphis Grizzlies,0.2709892012047893,Washington Wizards,0.7290107987952107
Phoenix Suns,0.05094552529505958,Cleveland Cavaliers,0.9490544747049404
Minnesota Timberwolves,0.18816825555836958,Los Angeles Clippers,0.8118317444416304
Dallas Mavericks,0.28647343809989256,Miami Heat,0.7135265619001074
Washington Wizards,0.5202497812827324,New York Knicks,0.47975021871726764
Denver Nuggets,0.10413419252694955,San Antonio Spurs,0.8958658074730504
Chicago Bulls,0.376398771908212,Atlanta Hawks,0.623601228091788
Toronto Raptors,0.5195245725249209,Charlotte Hornets,0.48047542747507915
Utah Jazz,0.3523301398632881,Dallas Mavericks,0.6476698601367119
Golden State Warriors,0.7340564533809598,Houston Rockets,0.2659435466190402
Indiana Pacers,0.6724348444532084,Los Angeles Lakers,0.3275651555467916
Sacramento Kings,0.40240881690054053,Memphis Grizzlies,0.5975911830994595
Brooklyn Nets,0.2506360458810395,New Orleans Pelicans,0.7493639541189605
Milwaukee Bucks,0.31972406803739484,Orlando Magic,0.6802759319626052
Portland Trail Blazers,0.8974831355715267,Philadelphia 76ers,0.1025168644284733
Philadelphia 76ers,0.07518091045994335,Atlanta Hawks,0.9248190895400566
Portland Trail Blazers,0.49568475760441744,Boston Celtics,0.5043152423955826
Sacramento Kings,0.22331883619055992,Chicago Bulls,0.7766811638094401
Brooklyn Nets,0.10681046910315417,Charlotte Hornets,0.8931895308968458
San Antonio Spurs,0.3124901299238316,Cleveland Cavaliers,0.6875098700761684
Los Angeles Clippers,0.7141223275926936,Denver Nuggets,0.2858776724073065
Washington Wizards,0.436611217356938,Detroit Pistons,0.563388782643062
Houston Rockets,0.5537751197159082,Memphis Grizzlies,0.4462248802840918
Milwaukee Bucks,0.15126323781074535,Miami Heat,0.8487367621892546
Phoenix Suns,0.2790150061000045,New York Knicks,0.7209849938999955
Indiana Pacers,0.4209127530435117,Utah Jazz,0.5790872469564883
Los Angeles Lakers,0.14649531409139438,Dallas Mavericks,0.8535046859086056
Denver Nuggets,0.39799041272549407,Minnesota Timberwolves,0.6020095872745059
Golden State Warriors,0.8152464597217809,Orlando Magic,0.18475354027821914
Phoenix Suns,0.09773358503363072,Toronto Raptors,0.9022664149663693
Los Angeles Clippers,0.4744020903694155,Atlanta Hawks,0.5255979096305845
San Antonio Spurs,0.8948600649745877,Brooklyn Nets,0.10513993502541234
Washington Wizards,0.3378212842903193,Charlotte Hornets,0.6621787157096807
Sacramento Kings,0.3089280225189308,Detroit Pistons,0.6910719774810692
New York Knicks,0.23343703663553939,Indiana Pacers,0.7665629633644606
Golden State Warriors,0.6259264521478854,Miami Heat,0.37407354785211455
Houston Rockets,0.617408199567459,Milwaukee Bucks,0.3825918004325411
Cleveland Cavaliers,0.864501001910634,New Orleans Pelicans,0.13549899808936605
Oklahoma City Thunder,0.6434151939826993,Utah Jazz,0.3565848060173007
Utah Jazz,0.6107218619811943,Denver Nuggets,0.3892781380188057
Chicago Bulls,0.5128992404386152,Orlando Magic,0.4871007595613847
Los Angeles Clippers,0.8745956465290161,Philadelphia 76ers,0.12540435347098394
Minnesota Timberwolves,0.4943868138173858,Phoenix Suns,0.5056131861826142
San Antonio Spurs,0.4783988010608713,Toronto Raptors,0.5216011989391287
Boston Celtics,0.4751186947104834,Washington Wizards,0.5248813052895166
Houston Rockets,0.34543582939057427,Boston Celtics,0.6545641706094257
Miami Heat,0.8238659013036945,Brooklyn Nets,0.17613409869630547
Atlanta Hawks,0.38724378306639196,Chicago Bulls,0.612756216933608
Golden State Warriors,0.6927862836827793,Charlotte Hornets,0.3072137163172207
Sacramento Kings,0.07984007485623601,Cleveland Cavaliers,0.920159925143764
New York Knicks,0.21597298660849895,Dallas Mavericks,0.784027013391501
Toronto Raptors,0.7121659793101628,Memphis Grizzlies,0.2878340206898372
Philadelphia 76ers,0.17739384707714334,Milwaukee Bucks,0.8226061529228567
Oklahoma City Thunder,0.8075990272230323,New Orleans Pelicans,0.19240097277696766
Los Angeles Lakers,0.09439331668110351,Portland Trail Blazers,0.9056066833188965
Phoenix Suns,0.36109291995988635,Denver Nuggets,0.6389070800401137
Indiana Pacers,0.618722526042574,Minnesota Timberwolves,0.38127747395742595
Dallas Mavericks,0.20999898889583946,Oklahoma City Thunder,0.7900010111041605
Los Angeles Lakers,0.16087465331271567,Utah Jazz,0.8391253466872843
Washington Wizards,0.3639642773551265,Atlanta Hawks,0.6360357226448735
Orlando Magic,0.2421086821816847,Boston Celtics,0.7578913178183153
Miami Heat,0.45288424635798197,Chicago Bulls,0.547115753642018
Brooklyn Nets,0.034058046092780625,Cleveland Cavaliers,0.9659419539072194
Sacramento Kings,0.25935749364798466,Indiana Pacers,0.7406425063520153
San Antonio Spurs,0.8117331405073764,New Orleans Pelicans,0.18826685949262353
Charlotte Hornets,0.5996974447049157,New York Knicks,0.40030255529508424
Houston Rockets,0.8245763276738762,Philadelphia 76ers,0.1754236723261238
Memphis Grizzlies,0.15604000682816221,Portland Trail Blazers,0.8439599931718378
Milwaukee Bucks,0.1250361256508813,Toronto Raptors,0.8749638743491187
Sacramento Kings,0.22736899870600147,Charlotte Hornets,0.7726310012939985
Los Angeles Clippers,0.20219769339178573,Golden State Warriors,0.7978023066082143
Detroit Pistons,0.258069276207356,Miami Heat,0.741930723792644
Boston Celtics,0.6720718596372449,Milwaukee Bucks,0.3279281403627551
Brooklyn Nets,0.24299448882873143,Minnesota Timberwolves,0.7570055111712686
Denver Nuggets,0.4545593640504839,Phoenix Suns,0.5454406359495161
Memphis Grizzlies,0.2537724779628814,Utah Jazz,0.7462275220371186
New York Knicks,0.22302892559504572,Atlanta Hawks,0.7769710744049543
Philadelphia 76ers,0.06612953074561345,Chicago Bulls,0.9338704692543865
Oklahoma City Thunder,0.3067557772944669,Cleveland Cavaliers,0.6932442227055331
Houston Rockets,0.392232728201093,Indiana Pacers,0.607767271798907
Washington Wizards,0.5879510310607208,New Orleans Pelicans,0.4120489689392793
Golden State Warriors,0.5958087720987788,Portland Trail Blazers,0.40419122790122114
Dallas Mavericks,0.20342399582648485,San Antonio Spurs,0.7965760041735152
Orlando Magic,0.163406986029347,Toronto Raptors,0.836593013970653
Detroit Pistons,0.31325623618692944,Boston Celtics,0.6867437638130706
Cleveland Cavaliers,0.7105998741913555,Dallas Mavericks,0.28940012580864455
Brooklyn Nets,0.08149989288133275,Miami Heat,0.9185001071186673
Orlando Magic,0.46843383932397586,Minnesota Timberwolves,0.5315661606760241
Sacramento Kings,0.7183499871257872,Philadelphia 76ers,0.28165001287421276
Memphis Grizzlies,0.489037923174803,Phoenix Suns,0.510962076825197
Sacramento Kings,0.26481253520750503,Houston Rockets,0.735187464792495
Denver Nuggets,0.4554294359173302,Los Angeles Lakers,0.5445705640826698
Charlotte Hornets,0.31539773227759016,Portland Trail Blazers,0.6846022677224098
Oklahoma City Thunder,0.41462223408619336,San Antonio Spurs,0.5853777659138066
New Orleans Pelicans,0.12063791711360039,Toronto Raptors,0.8793620828863996
New York Knicks,0.2516777367966201,Washington Wizards,0.7483222632033799
Toronto Raptors,0.5127044222757118,Boston Celtics,0.48729557772428816
New York Knicks,0.5855654206237523,Brooklyn Nets,0.4144345793762477
Minnesota Timberwolves,0.07851192201828461,Cleveland Cavaliers,0.9214880779817154
Philadelphia 76ers,0.07236676540892162,Dallas Mavericks,0.9276332345910784
Memphis Grizzlies,0.46753189222380453,Denver Nuggets,0.5324681077761955
New Orleans Pelicans,0.2594053513496021,Detroit Pistons,0.7405946486503979
Charlotte Hornets,0.18165547400545012,Golden State Warriors,0.8183445259945499
Atlanta Hawks,0.3242938759069096,Miami Heat,0.6757061240930904
Chicago Bulls,0.20908716276498573,Oklahoma City Thunder,0.7909128372350143
Indiana Pacers,0.5419035499022999,Orlando Magic,0.45809645009770006
Los Angeles Clippers,0.731390797429649,Phoenix Suns,0.26860920257035104
Milwaukee Bucks,0.22407483105521153,Utah Jazz,0.7759251689447885
Atlanta Hawks,0.4418674106871431,Houston Rockets,0.5581325893128569
Golden State Warriors,0.6439766409039209,Los Angeles Clippers,0.356023359096079
Philadelphia 76ers,0.03307401656008757,San Antonio Spurs,0.9669259834399124
Los Angeles Lakers,0.17325214707287706,Washington Wizards,0.8267478529271229
Los Angeles Lakers,0.1343191108317061,Boston Celtics,0.8656808891682939
Indiana Pacers,0.7694666960225126,Brooklyn Nets,0.2305333039774874
Milwaukee Bucks,0.4271376764611945,Denver Nuggets,0.5728623235388055
Minnesota Timberwolves,0.3050523525131851,Detroit Pistons,0.6949476474868149
Chicago Bulls,0.3971013773060995,Houston Rockets,0.6028986226939005
Memphis Grizzlies,0.12200257123860192,Oklahoma City Thunder,0.8779974287613981
Toronto Raptors,0.6790540206381247,Orlando Magic,0.3209459793618753
Dallas Mavericks,0.261280714413743,Portland Trail Blazers,0.738719285586257
Phoenix Suns,0.2852985815570678,Sacramento Kings,0.7147014184429322
Orlando Magic,0.2691332770177731,Atlanta Hawks,0.7308667229822269
Detroit Pistons,0.3580785233852226,Indiana Pacers,0.6419214766147774
Philadelphia 76ers,0.051032216513114625,Miami Heat,0.9489677834868854
Memphis Grizzlies,0.4315732181531161,Minnesota Timberwolves,0.5684267818468839
Cleveland Cavaliers,0.8290246091494078,New York Knicks,0.17097539085059218
Milwaukee Bucks,0.44835017016192646,Phoenix Suns,0.5516498298380735
Golden State Warriors,0.8317756182502041,Sacramento Kings,0.1682243817497959
Denver Nuggets,0.10413419252694955,San Antonio Spurs,0.8958658074730504
Charlotte Hornets,0.4586935265455937,Utah Jazz,0.5413064734544063
New Orleans Pelicans,0.23255922945764396,Washington Wizards,0.767440770542356
Los Angeles Clippers,0.4391505800071782,Boston Celtics,0.5608494199928218
Toronto Raptors,0.8565249034120965,Brooklyn Nets,0.14347509658790353
Portland Trail Blazers,0.33165546563125115,Oklahoma City Thunder,0.6683445343687489
Utah Jazz,0.3617852622953457,Atlanta Hawks,0.6382147377046543
Dallas Mavericks,0.6268237555540344,Denver Nuggets,0.3731762444459656
Philadelphia 76ers,0.09917468281010244,Detroit Pistons,0.9008253171898976
Oklahoma City Thunder,0.6410399817599484,Indiana Pacers,0.3589600182400517
San Antonio Spurs,0.7791259809996417,Memphis Grizzlies,0.2208740190003583
Miami Heat,0.6945736074275506,Minnesota Timberwolves,0.30542639257244947
Phoenix Suns,0.3374016928459648,New Orleans Pelicans,0.6625983071540352
Los Angeles Lakers,0.25314159095787014,New York Knicks,0.7468584090421299
Chicago Bulls,0.5412571520712307,Sacramento Kings,0.4587428479287693
Los Angeles Clippers,0.3237588931172569,Toronto Raptors,0.6762411068827431
Cleveland Cavaliers,0.7498673831664122,Washington Wizards,0.25013261683358784
Brooklyn Nets,0.10681046910315417,Charlotte Hornets,0.8931895308968458
Portland Trail Blazers,0.5209075443336308,Dallas Mavericks,0.4790924556663691
Orlando Magic,0.2866480206545673,Houston Rockets,0.7133519793454327
Denver Nuggets,0.2164564841981489,Atlanta Hawks,0.7835435158018511
Washington Wizards,0.7379934453877501,Brooklyn Nets,0.2620065546122498
Los Angeles Lakers,0.1949914944744262,Detroit Pistons,0.8050085055255738
Chicago Bulls,0.1449221696400227,Golden State Warriors,0.8550778303599773
Cleveland Cavaliers,0.7307802713376819,Indiana Pacers,0.2692197286623181
Phoenix Suns,0.2940850602381765,Memphis Grizzlies,0.7059149397618235
Miami Heat,0.7159771091169704,Milwaukee Bucks,0.28402289088302957
Toronto Raptors,0.7437495573417683,Minnesota Timberwolves,0.25625044265823166
Utah Jazz,0.5856658187141395,New Orleans Pelicans,0.41433418128586047
Los Angeles Clippers,0.6310586747250551,New York Knicks,0.3689413252749449
San Antonio Spurs,0.9303650410921779,Philadelphia 76ers,0.06963495890782216
Boston Celtics,0.6016252921258555,Sacramento Kings,0.39837470787414453
Houston Rockets,0.35163654207654915,Charlotte Hornets,0.6483634579234508
Utah Jazz,0.3523301398632881,Dallas Mavericks,0.6476698601367119
Cleveland Cavaliers,0.5284475328850903,Oklahoma City Thunder,0.4715524671149097
Philadelphia 76ers,0.12420154119958493,Orlando Magic,0.8757984588004151
Boston Celtics,0.3104555159827699,Portland Trail Blazers,0.6895444840172301
Miami Heat,0.8238659013036945,Brooklyn Nets,0.1761340986963055
San Antonio Spurs,0.7007523277235335,Detroit Pistons,0.2992476722764665
Golden State Warriors,0.8376664595156456,Memphis Grizzlies,0.1623335404843545
Los Angeles Lakers,0.3217865857992852,Milwaukee Bucks,0.6782134142007148
New Orleans Pelicans,0.3823130210327432,Minnesota Timberwolves,0.6176869789672568
Denver Nuggets,0.3436220036724795,New York Knicks,0.6563779963275205
Chicago Bulls,0.6454983498871856,Phoenix Suns,0.3545016501128145
Atlanta Hawks,0.5864661191363741,Sacramento Kings,0.41353388086362586
Indiana Pacers,0.442741112862861,Washington Wizards,0.557258887137139
Los Angeles Clippers,0.4458875875946262,Charlotte Hornets,0.5541124124053738
Denver Nuggets,0.06770109513783462,Cleveland Cavaliers,0.9322989048621654
Orlando Magic,0.2611089166690159,Dallas Mavericks,0.7388910833309841
Phoenix Suns,0.18223309770532425,Houston Rockets,0.8177669022946757
Milwaukee Bucks,0.22228265822412452,Indiana Pacers,0.7777173417758755
Golden State Warriors,0.5255833338488857,Oklahoma City Thunder,0.47441666615111433
Miami Heat,0.8801337420726962,Philadelphia 76ers,0.11986625792730377
Boston Celtics,0.452991654642081,Utah Jazz,0.547008345357919
Chicago Bulls,0.5909102690906641,Minnesota Timberwolves,0.40908973090933587
San Antonio Spurs,0.7661777907933959,New York Knicks,0.2338222092066041
New Orleans Pelicans,0.3358001052463967,Sacramento Kings,0.6641998947536033
Detroit Pistons,0.21808174274227532,Toronto Raptors,0.7819182572577247
Memphis Grizzlies,0.6096253045292598,Brooklyn Nets,0.3903746954707402
Philadelphia 76ers,0.06757691359766449,Charlotte Hornets,0.9324230864023355
Boston Celtics,0.4257497947038892,Dallas Mavericks,0.5742502052961108
Golden State Warriors,0.8750064241493083,Denver Nuggets,0.12499357585069168
San Antonio Spurs,0.6471894754071809,Indiana Pacers,0.35281052459281914
Orlando Magic,0.19588077878376353,Miami Heat,0.8041192212162365
Detroit Pistons,0.58243679644014,Milwaukee Bucks,0.41756320355986
New Orleans Pelicans,0.4382759147292119,Phoenix Suns,0.5617240852707881
Atlanta Hawks,0.2971603438538031,Portland Trail Blazers,0.7028396561461969
Los Angeles Clippers,0.49173907181331666,Utah Jazz,0.5082609281866833
Oklahoma City Thunder,0.6635603441362485,Washington Wizards,0.33643965586375146
Toronto Raptors,0.5137305320666381,Chicago Bulls,0.48626946793336195
Sacramento Kings,0.49981811607641613,Los Angeles Lakers,0.5001818839235839
Cleveland Cavaliers,0.8596129963183183,Minnesota Timberwolves,0.14038700368168167
Philadelphia 76ers,0.06587632952086353,Boston Celtics,0.9341236704791365
Milwaukee Bucks,0.5700987085262899,Brooklyn Nets,0.42990129147371015
Indiana Pacers,0.15128266602327822,Cleveland Cavaliers,0.8487173339767218
Minnesota Timberwolves,0.4728632438816156,Denver Nuggets,0.5271367561183844
Dallas Mavericks,0.45113528794471935,Detroit Pistons,0.5488647120552806
Sacramento Kings,0.08482371375372488,Golden State Warriors,0.9151762862462751
Miami Heat,0.5090745598457053,Houston Rockets,0.49092544015429473
Atlanta Hawks,0.34158869312655804,Los Angeles Clippers,0.658411306873442
New Orleans Pelicans,0.34539027195791516,Memphis Grizzlies,0.6546097280420848
New York Knicks,0.11168180122642035,Oklahoma City Thunder,0.8883181987735796
San Antonio Spurs,0.7510240040186758,Orlando Magic,0.2489759959813242
Los Angeles Lakers,0.350464634019516,Phoenix Suns,0.649535365980484
Charlotte Hornets,0.2954401087024272,Toronto Raptors,0.7045598912975728
Portland Trail Blazers,0.5484232453532745,Utah Jazz,0.4515767546467256
Boston Celtics,0.40226259946692766,Chicago Bulls,0.5977374005330723
Washington Wizards,0.37775177089099443,Indiana Pacers,0.6222482291090056
New York Knicks,0.07016120570782403,Cleveland Cavaliers,0.929838794292176
Charlotte Hornets,0.5170519736710415,Detroit Pistons,0.4829480263289585
Los Angeles Clippers,0.20219769339178573,Golden State Warriors,0.7978023066082143
Houston Rockets,0.6026853213239991,New Orleans Pelicans,0.39731467867600095
Portland Trail Blazers,0.6640372229886885,Orlando Magic,0.3359627770113115
Denver Nuggets,0.35065292893088396,Sacramento Kings,0.649347071069116
Miami Heat,0.4872521928446607,Atlanta Hawks,0.5127478071553393
Phoenix Suns,0.15102084418749318,Chicago Bulls,0.8489791558125068
Brooklyn Nets,0.27072410542705605,Denver Nuggets,0.729275894572944
Memphis Grizzlies,0.25181986701168224,Indiana Pacers,0.7481801329883178
San Antonio Spurs,0.552871476040641,Los Angeles Clippers,0.447128523959359
Utah Jazz,0.6006014243533679,Milwaukee Bucks,0.39939857564663206
Dallas Mavericks,0.5922403644773107,Minnesota Timberwolves,0.40775963552268935
Los Angeles Lakers,0.07264555158262098,Oklahoma City Thunder,0.927354448417379
Washington Wizards,0.8155524428037457,Philadelphia 76ers,0.18444755719625425
Boston Celtics,0.29067784022691157,Toronto Raptors,0.7093221597730884
Chicago Bulls,0.1369359022407175,Cleveland Cavaliers,0.8630640977592825
New Orleans Pelicans,0.19884604852235332,Dallas Mavericks,0.8011539514776467
Brooklyn Nets,0.0362966845239433,Golden State Warriors,0.9637033154760567
Minnesota Timberwolves,0.2612810680904577,Houston Rockets,0.7387189319095423
Indiana Pacers,0.309666474251706,Miami Heat,0.690333525748294
Philadelphia 76ers,0.13348869870083446,New York Knicks,0.8665113012991655
Atlanta Hawks,0.5586239216890028,Orlando Magic,0.4413760783109972
Charlotte Hornets,0.6071215653120506,Sacramento Kings,0.39287843468794936
Memphis Grizzlies,0.46753189222380453,Denver Nuggets,0.5324681077761955
Boston Celtics,0.5113099016822114,Detroit Pistons,0.48869009831778865
Charlotte Hornets,0.3611516600070984,Los Angeles Clippers,0.6388483399929016
San Antonio Spurs,0.8396048733523482,Los Angeles Lakers,0.1603951266476517
Phoenix Suns,0.35137525775404643,Milwaukee Bucks,0.6486247422459536
New Orleans Pelicans,0.10175194385670161,Oklahoma City Thunder,0.8982480561432984
Portland Trail Blazers,0.37538063718247905,Toronto Raptors,0.624619362817521
Utah Jazz,0.3991023808130739,Washington Wizards,0.6008976191869261
Atlanta Hawks,0.3862696280885948,Boston Celtics,0.6137303719114052
Milwaukee Bucks,0.06613556781087204,Cleveland Cavaliers,0.933864432189128
Miami Heat,0.4769686171651074,Dallas Mavericks,0.5230313828348926
Indiana Pacers,0.42527452606533345,Houston Rockets,0.5747254739346666
Toronto Raptors,0.6968198962397918,New York Knicks,0.3031801037602082
Golden State Warriors,0.95132531162087,Philadelphia 76ers,0.04867468837912998
Minnesota Timberwolves,0.3878500063199666,Sacramento Kings,0.6121499936800334
Denver Nuggets,0.1939635643796941,Chicago Bulls,0.8060364356203059
Portland Trail Blazers,0.6054293484490785,Detroit Pistons,0.3945706515509215
Charlotte Hornets,0.7052952477187916,Los Angeles Lakers,0.2947047522812084
Phoenix Suns,0.2940850602381765,Memphis Grizzlies,0.7059149397618235
Utah Jazz,0.19889761529098848,Oklahoma City Thunder,0.8011023847090115
Golden State Warriors,0.7477059949626248,Washington Wizards,0.25229400503737526
Dallas Mavericks,0.37769180825517246,Atlanta Hawks,0.6223081917448275
Cleveland Cavaliers,0.6894092384731569,Boston Celtics,0.31059076152684306
Houston Rockets,0.3031452062934554,Los Angeles Clippers,0.6968547937065446
Philadelphia 76ers,0.051032216513114625,Miami Heat,0.9489677834868854
Denver Nuggets,0.4229093688306764,Milwaukee Bucks,0.5770906311693236
Detroit Pistons,0.5673112842082175,New Orleans Pelicans,0.4326887157917825
New York Knicks,0.3336702866845588,Orlando Magic,0.6663297133154412
Brooklyn Nets,0.20773104396826114,Sacramento Kings,0.7922689560317389
Indiana Pacers,0.22198512364574796,San Antonio Spurs,0.778014876354252
Washington Wizards,0.23285348555782104,Toronto Raptors,0.767146514442179
Minnesota Timberwolves,0.2578466649057981,Utah Jazz,0.7421533350942019
Golden State Warriors,0.6878261401633394,Chicago Bulls,0.3121738598366606
Charlotte Hornets,0.7045654225776212,Phoenix Suns,0.2954345774223788
Oklahoma City Thunder,0.49520462277230926,Portland Trail Blazers,0.5047953772276907
Cleveland Cavaliers,0.7189961731275303,Atlanta Hawks,0.2810038268724697
Memphis Grizzlies,0.23339928320894832,Dallas Mavericks,0.7666007167910517
Boston Celtics,0.7004948620810207,Los Angeles Lakers,0.2995051379189792
Los Angeles Clippers,0.7053933273579021,Milwaukee Bucks,0.294606672642098
San Antonio Spurs,0.8117331405073764,New Orleans Pelicans,0.18826685949262353
Miami Heat,0.6237434903519765,Orlando Magic,0.37625650964802343
New York Knicks,0.6892462700484576,Philadelphia 76ers,0.31075372995154243
Oklahoma City Thunder,0.8354773835762718,Phoenix Suns,0.1645226164237282
Brooklyn Nets,0.1257040202734242,Utah Jazz,0.8742959797265758
Toronto Raptors,0.5869509403336415,Washington Wizards,0.4130490596663586
Los Angeles Clippers,0.440162451243309,Chicago Bulls,0.559837548756691
Charlotte Hornets,0.6863120423834219,Denver Nuggets,0.31368795761657803
Memphis Grizzlies,0.25717141919748987,Houston Rockets,0.7428285808025101
Cleveland Cavaliers,0.6286129202234709,Miami Heat,0.371387079776529
Toronto Raptors,0.7628833874376839,Milwaukee Bucks,0.23711661256231603
Detroit Pistons,0.8024834208024649,Philadelphia 76ers,0.197516579197535
Brooklyn Nets,0.07250115207951979,Portland Trail Blazers,0.9274988479204802
Minnesota Timberwolves,0.12001390597219685,San Antonio Spurs,0.8799860940278031
Indiana Pacers,0.4040875752209564,Atlanta Hawks,0.5959124247790436
Oklahoma City Thunder,0.6176522654312044,Dallas Mavericks,0.38234773456879556
New Orleans Pelicans,0.43913991224825033,Los Angeles Lakers,0.5608600877517497
Golden State Warriors,0.8273897688337633,New York Knicks,0.1726102311662368
Boston Celtics,0.6997582096365853,Phoenix Suns,0.30024179036341475
Utah Jazz,0.5256381640274066,Sacramento Kings,0.47436183597259335
Orlando Magic,0.3014069509350017,Washington Wizards,0.6985930490649983
Golden State Warriors,0.7166688197405644,Atlanta Hawks,0.28333118025943566
Indiana Pacers,0.3767698006590413,Charlotte Hornets,0.6232301993409587
Miami Heat,0.19986851709901854,Cleveland Cavaliers,0.8001314829009815
Sacramento Kings,0.4774063078400651,Denver Nuggets,0.5225936921599349
Chicago Bulls,0.4497725408499853,Detroit Pistons,0.5502274591500147
Boston Celtics,0.355865171520096,Los Angeles Clippers,0.644134828479904
Brooklyn Nets,0.2148467615670535,Memphis Grizzlies,0.7851532384329465
New York Knicks,0.3336702866845588,Orlando Magic,0.6663297133154412
Milwaukee Bucks,0.6755046898029315,Philadelphia 76ers,0.32449531019706845
Houston Rockets,0.20380068688043074,San Antonio Spurs,0.7961993131195693
New Orleans Pelicans,0.2170571159643544,Utah Jazz,0.7829428840356456
Los Angeles Lakers,0.14649531409139438,Dallas Mavericks,0.8535046859086056
Portland Trail Blazers,0.33165546563125115,Oklahoma City Thunder,0.6683445343687489
Washington Wizards,0.6332007017459442,Phoenix Suns,0.36679929825405583
Brooklyn Nets,0.11826920271987906,Atlanta Hawks,0.8817307972801209
Washington Wizards,0.6129602065282778,Denver Nuggets,0.3870397934717223
Boston Celtics,0.17826326906297374,Golden State Warriors,0.8217367309370263
Utah Jazz,0.3821766919180841,Houston Rockets,0.6178233080819159
Detroit Pistons,0.3580785233852226,Indiana Pacers,0.6419214766147774
Charlotte Hornets,0.3433829287132958,Miami Heat,0.6566170712867042
New York Knicks,0.43229197762819604,Milwaukee Bucks,0.567708022371804
Los Angeles Clippers,0.683544770555689,Minnesota Timberwolves,0.31645522944431104
Toronto Raptors,0.75150552682214,New Orleans Pelicans,0.24849447317786
Chicago Bulls,0.5128992404386152,Orlando Magic,0.4871007595613847
Sacramento Kings,0.12195121698037714,San Antonio Spurs,0.8780487830196229
Cleveland Cavaliers,0.7760440570981431,Detroit Pistons,0.22395594290185694
Los Angeles Clippers,0.6480521773050627,Memphis Grizzlies,0.35194782269493735
San Antonio Spurs,0.4309530367998353,Oklahoma City Thunder,0.5690469632001647
Los Angeles Lakers,0.350464634019516,Phoenix Suns,0.649535365980484
Philadelphia 76ers,0.0452318735960765,Portland Trail Blazers,0.9547681264039235
Toronto Raptors,0.5480902541708044,Atlanta Hawks,0.4519097458291957
Houston Rockets,0.3463651217496224,Chicago Bulls,0.6536348782503776
Orlando Magic,0.24715496574620366,Charlotte Hornets,0.7528450342537963
Brooklyn Nets,0.11404107737627833,Dallas Mavericks,0.8859589226237217
Boston Celtics,0.6813421482640909,Denver Nuggets,0.3186578517359091
Indiana Pacers,0.6427071784805953,Milwaukee Bucks,0.35729282151940467
Golden State Warriors,0.8582206174101327,Minnesota Timberwolves,0.14177938258986733
Washington Wizards,0.5279876244155536,Sacramento Kings,0.4720123755844464
New Orleans Pelicans,0.18737569854811464,Charlotte Hornets,0.8126243014518854
Phoenix Suns,0.16385999322499523,Dallas Mavericks,0.8361400067750048
New York Knicks,0.2799258489772445,Detroit Pistons,0.7200741510227555
Philadelphia 76ers,0.054938685371134666,Los Angeles Clippers,0.9450613146288653
Atlanta Hawks,0.5967829124445712,Memphis Grizzlies,0.4032170875554288
Toronto Raptors,0.44515668401167807,Miami Heat,0.5548433159883219
Minnesota Timberwolves,0.4623141915842013,Milwaukee Bucks,0.5376858084157987
Utah Jazz,0.19889761529098848,Oklahoma City Thunder,0.8011023847090115
Cleveland Cavaliers,0.8169708704784405,Orlando Magic,0.18302912952155947
Washington Wizards,0.2500839285605627,Portland Trail Blazers,0.7499160714394373
Denver Nuggets,0.35065292893088396,Sacramento Kings,0.649347071069116
Golden State Warriors,0.5155760064824624,San Antonio Spurs,0.4844239935175376
Chicago Bulls,0.3436679691116381,Boston Celtics,0.6563320308883619
New York Knicks,0.5855654206237523,Brooklyn Nets,0.4144345793762477
Cleveland Cavaliers,0.7362935349804833,Houston Rockets,0.26370646501951667
Miami Heat,0.502023718479294,Indiana Pacers,0.4979762815207061
Philadelphia 76ers,0.19749569066430606,Los Angeles Lakers,0.8025043093356939
Portland Trail Blazers,0.7736503457415655,Phoenix Suns,0.22634965425843442
Chicago Bulls,0.3498539091949988,Charlotte Hornets,0.6501460908050012
Los Angeles Lakers,0.3311036625782726,Denver Nuggets,0.6688963374217274
Milwaukee Bucks,0.35467755616582874,Memphis Grizzlies,0.6453224438341713
Washington Wizards,0.57795708364563,Minnesota Timberwolves,0.4220429163543699
Orlando Magic,0.41854290867324073,Sacramento Kings,0.5814570913267593
Atlanta Hawks,0.23387395698818292,San Antonio Spurs,0.7661260430118171
Dallas Mavericks,0.2435293482322618,Toronto Raptors,0.7564706517677382
Los Angeles Clippers,0.49173907181331666,Utah Jazz,0.5082609281866833
Oklahoma City Thunder,0.8923091513160416,Brooklyn Nets,0.10769084868395835
Detroit Pistons,0.12143348718129998,Cleveland Cavaliers,0.8785665128187
Philadelphia 76ers,0.022317049747497375,Golden State Warriors,0.9776829502525026
Portland Trail Blazers,0.7385735929755347,New Orleans Pelicans,0.2614264070244653
Indiana Pacers,0.562368566393059,New York Knicks,0.437631433606941
Minnesota Timberwolves,0.21947059366269683,Boston Celtics,0.7805294063373032
Memphis Grizzlies,0.21652239454608324,Chicago Bulls,0.7834776054539168
Utah Jazz,0.43429424887502355,Detroit Pistons,0.5657057511249765
Los Angeles Lakers,0.1633016382063116,Houston Rockets,0.8366983617936884
Charlotte Hornets,0.45612795354001323,Indiana Pacers,0.5438720464599868
Milwaukee Bucks,0.16153624599904526,Los Angeles Clippers,0.8384637540009547
New Orleans Pelicans,0.14609651991729178,Miami Heat,0.8539034800827082
Sacramento Kings,0.49894093863825584,Phoenix Suns,0.5010590613617442
Portland Trail Blazers,0.3228279795739264,San Antonio Spurs,0.6771720204260736
Dallas Mavericks,0.41558127024880376,Washington Wizards,0.5844187297511962
Memphis Grizzlies,0.2408496532657024,Atlanta Hawks,0.7591503467342976
Utah Jazz,0.1296859890594967,Cleveland Cavaliers,0.8703140109405033
Los Angeles Clippers,0.7141223275926936,Denver Nuggets,0.2858776724073065
Orlando Magic,0.093709688244061,Golden State Warriors,0.906290311755939
Brooklyn Nets,0.20267140252361227,New York Knicks,0.7973285974763877
Oklahoma City Thunder,0.471708813965688,Toronto Raptors,0.528291186034312
Boston Celtics,0.7917884398009477,Brooklyn Nets,0.20821156019905226
Toronto Raptors,0.6215728849942317,Detroit Pistons,0.3784271150057683
Milwaukee Bucks,0.449218145364753,Los Angeles Lakers,0.550781854635247
Minnesota Timberwolves,0.17655821072208389,Miami Heat,0.8234417892779161
Houston Rockets,0.6026853213239991,New Orleans Pelicans,0.39731467867600095
Dallas Mavericks,0.8242400459723781,Philadelphia 76ers,0.17575995402762193
Orlando Magic,0.526262608901436,Phoenix Suns,0.4737373910985641
Chicago Bulls,0.414244864680279,Washington Wizards,0.585755135319721
Portland Trail Blazers,0.5311763674896993,Atlanta Hawks,0.4688236325103007
Utah Jazz,0.3305617348391482,Chicago Bulls,0.6694382651608518
Washington Wizards,0.3378212842903193,Charlotte Hornets,0.6621787157096807
Houston Rockets,0.6273669909969886,Denver Nuggets,0.37263300900301144
Milwaukee Bucks,0.07032915013805652,Golden State Warriors,0.9296708498619435
Cleveland Cavaliers,0.6466066669769208,Los Angeles Clippers,0.3533933330230792
San Antonio Spurs,0.7791259809996417,Memphis Grizzlies,0.2208740190003583
Sacramento Kings,0.12631043668360153,Oklahoma City Thunder,0.8736895633163985
Dallas Mavericks,0.7492107761949126,Brooklyn Nets,0.2507892238050874
Phoenix Suns,0.21664548996166366,Detroit Pistons,0.7833545100383363
Cleveland Cavaliers,0.885661155861048,Los Angeles Lakers,0.11433884413895201
Portland Trail Blazers,0.4284079923434666,Miami Heat,0.5715920076565334
Minnesota Timberwolves,0.4469689962272091,New Orleans Pelicans,0.5530310037727909
Boston Celtics,0.8565190986039983,Philadelphia 76ers,0.14348090139600164
Sacramento Kings,0.12195121698037714,San Antonio Spurs,0.8780487830196229
Indiana Pacers,0.2645345972119323,Toronto Raptors,0.7354654027880677
Washington Wizards,0.3317395400505816,Boston Celtics,0.6682604599494184
Atlanta Hawks,0.39276350604839216,Charlotte Hornets,0.6072364939516078
Denver Nuggets,0.23162956466742968,Houston Rockets,0.7683704353325703
Utah Jazz,0.3755389487533207,Indiana Pacers,0.6244610512466793
New York Knicks,0.17030984702706609,Los Angeles Clippers,0.8296901529729339
Golden State Warriors,0.5255833338488857,Oklahoma City Thunder,0.47441666615111433
Philadelphia 76ers,0.12420154119958493,Orlando Magic,0.8757984588004151
Detroit Pistons,0.7213069029556576,Brooklyn Nets,0.2786930970443424
Golden State Warriors,0.7082311998368761,Dallas Mavericks,0.2917688001631239
Los Angeles Clippers,0.7320795539197666,Los Angeles Lakers,0.2679204460802334
Phoenix Suns,0.1190127893784565,Miami Heat,0.8809872106215435
San Antonio Spurs,0.8053701388202026,Minnesota Timberwolves,0.1946298611797974
Memphis Grizzlies,0.44168497090839953,New Orleans Pelicans,0.5583150290916005
Milwaukee Bucks,0.13569966143306256,Portland Trail Blazers,0.8643003385669374
Chicago Bulls,0.24251662536278062,Toronto Raptors,0.7574833746372194
Indiana Pacers,0.37037906842280366,Boston Celtics,0.6296209315771963
Detroit Pistons,0.31414050568923113,Chicago Bulls,0.6858594943107689
Cleveland Cavaliers,0.8762577226767363,Denver Nuggets,0.1237422773232637
Philadelphia 76ers,0.03438066382786864,Oklahoma City Thunder,0.9656193361721314
Charlotte Hornets,0.5796733321354042,Orlando Magic,0.4203266678645958
Milwaukee Bucks,0.34496541034688666,Sacramento Kings,0.6550345896531133
New York Knicks,0.2352919340697771,Utah Jazz,0.7647080659302229
Atlanta Hawks,0.4594706630762878,Washington Wizards,0.5405293369237122
Phoenix Suns,0.5012922994601541,Brooklyn Nets,0.498707700539846
Los Angeles Clippers,0.46414422228361873,Dallas Mavericks,0.5358557777163813
Toronto Raptors,0.44515668401167807,Miami Heat,0.5548433159883219
New York Knicks,0.14330983400898722,Portland Trail Blazers,0.8566901659910128
Memphis Grizzlies,0.11777198351360507,San Antonio Spurs,0.8822280164863949
Phoenix Suns,0.15049498577719078,Boston Celtics,0.8495050142228092
Philadelphia 76ers,0.06612953074561345,Chicago Bulls,0.9338704692543865
Cleveland Cavaliers,0.6952263870907518,Charlotte Hornets,0.30477361290924815
Sacramento Kings,0.08482371375372488,Golden State Warriors,0.9151762862462751
New Orleans Pelicans,0.220109353090853,Houston Rockets,0.779890646909147
Denver Nuggets,0.2266473497172683,Indiana Pacers,0.7733526502827317
Minnesota Timberwolves,0.49526389865363374,Los Angeles Lakers,0.5047361013463663
Atlanta Hawks,0.658069814290225,Milwaukee Bucks,0.34193018570977496
Detroit Pistons,0.4784282719652966,Orlando Magic,0.5215717280347034
Brooklyn Nets,0.1358134966833261,Washington Wizards,0.8641865033166739
Washington Wizards,0.1307534791980296,Cleveland Cavaliers,0.8692465208019704
Toronto Raptors,0.5378695874234232,Dallas Mavericks,0.4621304125765769
Utah Jazz,0.2884435746660331,Los Angeles Clippers,0.7115564253339669
Minnesota Timberwolves,0.15887921420580509,Portland Trail Blazers,0.8411207857941949
New York Knicks,0.10776517202650626,San Antonio Spurs,0.8922348279734937
Brooklyn Nets,0.11826920271987906,Atlanta Hawks,0.8817307972801209
Miami Heat,0.45186673478543893,Boston Celtics,0.5481332652145611
Phoenix Suns,0.15401981368958106,Charlotte Hornets,0.8459801863104189
New Orleans Pelicans,0.4171796060077546,Denver Nuggets,0.5828203939922454
Memphis Grizzlies,0.08179829826983143,Golden State Warriors,0.9182017017301686
Oklahoma City Thunder,0.6475045540647304,Houston Rockets,0.35249544593526966
Philadelphia 76ers,0.07939442091208582,Indiana Pacers,0.9206055790879142
Sacramento Kings,0.19096699024906927,Los Angeles Clippers,0.8090330097509307
Portland Trail Blazers,0.7742641862512027,Los Angeles Lakers,0.22573581374879728
Chicago Bulls,0.6155573937216815,Milwaukee Bucks,0.3844426062783185
Oklahoma City Thunder,0.6176522654312044,Dallas Mavericks,0.38234773456879556
Detroit Pistons,0.49910789494913366,New York Knicks,0.5008921050508663
Memphis Grizzlies,0.38278113617754006,Sacramento Kings,0.6172188638224599
Cleveland Cavaliers,0.5184452667321984,San Antonio Spurs,0.48155473326780157
Orlando Magic,0.163406986029347,Toronto Raptors,0.836593013970653
New Orleans Pelicans,0.2170571159643544,Utah Jazz,0.7829428840356456
Phoenix Suns,0.1695816316754335,Atlanta Hawks,0.8304183683245665
Philadelphia 76ers,0.2857866113089933,Brooklyn Nets,0.7142133886910067
Milwaukee Bucks,0.1936711564649568,Charlotte Hornets,0.8063288435350432
Miami Heat,0.5627351253630674,Detroit Pistons,0.43726487463693264
Golden State Warriors,0.7340564533809598,Houston Rockets,0.2659435466190402
Minnesota Timberwolves,0.2558734547395054,Indiana Pacers,0.7441265452604946
Washington Wizards,0.6340152460976882,Los Angeles Lakers,0.3659847539023118
Denver Nuggets,0.13866736186816486,Portland Trail Blazers,0.8613326381318351
Milwaukee Bucks,0.18944209135050583,Boston Celtics,0.8105579086494942
Washington Wizards,0.29038184095176645,Los Angeles Clippers,0.7096181590482336
Indiana Pacers,0.580422351164589,Memphis Grizzlies,0.419577648835411
Dallas Mavericks,0.6021289234956233,New Orleans Pelicans,0.39787107650437675
Miami Heat,0.6429612590968983,New York Knicks,0.3570387409031017
Oklahoma City Thunder,0.7459739751281159,Orlando Magic,0.2540260248718841
Atlanta Hawks,0.8486187267854428,Philadelphia 76ers,0.1513812732145572
Utah Jazz,0.5256381640274066,Sacramento Kings,0.47436183597259335
Golden State Warriors,0.5155760064824624,San Antonio Spurs,0.4844239935175376
Charlotte Hornets,0.2954401087024272,Toronto Raptors,0.7045598912975728
Cleveland Cavaliers,0.6902880279722539,Chicago Bulls,0.3097119720277461
Brooklyn Nets,0.15372862771182128,Detroit Pistons,0.8462713722881787
Los Angeles Lakers,0.2997313476018705,Minnesota Timberwolves,0.7002686523981295
Los Angeles Clippers,0.731390797429649,Phoenix Suns,0.26860920257035104
Houston Rockets,0.26172934026022776,Portland Trail Blazers,0.7382706597397722
Orlando Magic,0.2421086821816847,Boston Celtics,0.7578913178183153
Denver Nuggets,0.1976167938364033,Charlotte Hornets,0.8023832061635967
Philadelphia 76ers,0.020921902373578716,Cleveland Cavaliers,0.9790780976264213
Houston Rockets,0.14589492309697194,Golden State Warriors,0.8541050769030281
Dallas Mavericks,0.553201005805624,Memphis Grizzlies,0.4467989941943759
New York Knicks,0.15958507297981495,Miami Heat,0.840414927020185
Detroit Pistons,0.58243679644014,Milwaukee Bucks,0.41756320355986
Sacramento Kings,0.45147635248007645,New Orleans Pelicans,0.5485236475199236
San Antonio Spurs,0.4309530367998353,Oklahoma City Thunder,0.5690469632001647
Indiana Pacers,0.2645345972119323,Toronto Raptors,0.7354654027880677
Washington Wizards,0.3801846654866504,Utah Jazz,0.6198153345133496
Orlando Magic,0.644451984994749,Brooklyn Nets,0.355548015005251
Atlanta Hawks,0.38724378306639196,Chicago Bulls,0.612756216933608
Los Angeles Lakers,0.11339720146338794,Los Angeles Clippers,0.8866027985366121
Sacramento Kings,0.44131762603245905,Minnesota Timberwolves,0.558682373967541
Phoenix Suns,0.10635168465320577,Portland Trail Blazers,0.8936483153467942
Atlanta Hawks,0.7812342011609604,Brooklyn Nets,0.21876579883903957
Indiana Pacers,0.15128266602327822,Cleveland Cavaliers,0.8487173339767218
Washington Wizards,0.1384370156994036,Golden State Warriors,0.8615629843005964
Memphis Grizzlies,0.4899147133807181,Los Angeles Lakers,0.5100852866192819
Denver Nuggets,0.15451046013091407,Miami Heat,0.8454895398690859
Dallas Mavericks,0.6168593123583767,Milwaukee Bucks,0.38314068764162335
Chicago Bulls,0.6008093424657084,New Orleans Pelicans,0.39919065753429167
Boston Celtics,0.5941667366830179,New York Knicks,0.4058332633169821
Charlotte Hornets,0.25719243491047117,Oklahoma City Thunder,0.7428075650895288
Houston Rockets,0.6472876059986569,Phoenix Suns,0.35271239400134313
Utah Jazz,0.19258546962046308,San Antonio Spurs,0.8074145303795369
Philadelphia 76ers,0.041337454538606044,Toronto Raptors,0.958662545461394
Orlando Magic,0.08825431867225075,Cleveland Cavaliers,0.9117456813277492
Minnesota Timberwolves,0.08342017316726758,Golden State Warriors,0.9165798268327324
Toronto Raptors,0.5626821648179303,Indiana Pacers,0.4373178351820697
Denver Nuggets,0.40787992856814337,New Orleans Pelicans,0.5921200714318566
Chicago Bulls,0.5335446603004455,New York Knicks,0.4664553396995546
Milwaukee Bucks,0.10554425043635118,Oklahoma City Thunder,0.8944557495636488
Brooklyn Nets,0.5089430879395669,Philadelphia 76ers,0.4910569120604331
Dallas Mavericks,0.5426237296598364,Sacramento Kings,0.45737627034016365
Memphis Grizzlies,0.11777198351360507,San Antonio Spurs,0.8822280164863949
Portland Trail Blazers,0.5484232453532745,Utah Jazz,0.4515767546467256
Charlotte Hornets,0.4808542498153514,Washington Wizards,0.5191457501846486
Cleveland Cavaliers,0.6894092384731569,Boston Celtics,0.31059076152684306
Miami Heat,0.45863929379931645,Charlotte Hornets,0.5413607062006836
Toronto Raptors,0.6215728849942317,Detroit Pistons,0.3784271150057683
Denver Nuggets,0.23162956466742968,Houston Rockets,0.7683704353325703
Dallas Mavericks,0.30265469271862155,Los Angeles Clippers,0.6973453072813784
Oklahoma City Thunder,0.7744747851774382,Memphis Grizzlies,0.22552521482256183
Golden State Warriors,0.8841334576691328,Phoenix Suns,0.11586654233086724
Los Angeles Lakers,0.06999004428480726,San Antonio Spurs,0.9300099557151927
Boston Celtics,0.43584930020877,Atlanta Hawks,0.56415069979123
Milwaukee Bucks,0.22228265822412452,Indiana Pacers,0.7777173417758755
Washington Wizards,0.5202497812827324,New York Knicks,0.47975021871726764
Brooklyn Nets,0.1896243322921901,Orlando Magic,0.8103756677078099
Chicago Bulls,0.8234411145633214,Philadelphia 76ers,0.17655888543667864
Minnesota Timberwolves,0.15887921420580509,Portland Trail Blazers,0.8411207857941949
Atlanta Hawks,0.1601644168116474,Cleveland Cavaliers,0.8398355831883526
San Antonio Spurs,0.6239673947762183,Dallas Mavericks,0.3760326052237816
New Orleans Pelicans,0.4171796060077546,Denver Nuggets,0.5828203939922454
Detroit Pistons,0.36458783360368485,Houston Rockets,0.6354121663963151
Sacramento Kings,0.49981811607641613,Los Angeles Lakers,0.5001818839235839
New York Knicks,0.36932069722003047,Memphis Grizzlies,0.6306793027799695
Oklahoma City Thunder,0.8354773835762718,Phoenix Suns,0.1645226164237282
Miami Heat,0.33513030602105176,Toronto Raptors,0.6648696939789482
Minnesota Timberwolves,0.2578466649057981,Utah Jazz,0.7421533350942019
Chicago Bulls,0.7481749924846395,Brooklyn Nets,0.25182500751536047
Boston Celtics,0.4078539083773166,Charlotte Hornets,0.5921460916226834
New Orleans Pelicans,0.06770637742677754,Golden State Warriors,0.9322936225732225
Indiana Pacers,0.5419035499022999,Orlando Magic,0.45809645009770006
Milwaukee Bucks,0.6755046898029315,Philadelphia 76ers,0.32449531019706845
Utah Jazz,0.24832051928483911,Portland Trail Blazers,0.7516794807151609
Los Angeles Clippers,0.2752485184238924,San Antonio Spurs,0.7247514815761076
Miami Heat,0.5268279836499226,Washington Wizards,0.47317201635007744
Cleveland Cavaliers,0.7189961731275303,Atlanta Hawks,0.2810038268724697
Oklahoma City Thunder,0.82328368449229,Denver Nuggets,0.17671631550771
Minnesota Timberwolves,0.49526389865363374,Los Angeles Lakers,0.5047361013463663
Detroit Pistons,0.5175324670700516,Memphis Grizzlies,0.4824675329299484
Toronto Raptors,0.6968198962397918,New York Knicks,0.3031801037602082
Dallas Mavericks,0.646757059777612,Phoenix Suns,0.353242940222388
Houston Rockets,0.5432002119932016,Sacramento Kings,0.45679978800679844
Brooklyn Nets,0.10423293576522419,Boston Celtics,0.8957670642347758
Orlando Magic,0.24286313923016567,Chicago Bulls,0.7571368607698343
Washington Wizards,0.436611217356938,Detroit Pistons,0.563388782643062
Utah Jazz,0.13731670557822517,Golden State Warriors,0.8626832944217748
Houston Rockets,0.3031452062934554,Los Angeles Clippers,0.6968547937065446
Cleveland Cavaliers,0.6286129202234709,Miami Heat,0.371387079776529
Charlotte Hornets,0.6771178198609052,Milwaukee Bucks,0.32288218013909475
Indiana Pacers,0.8397322800078572,Philadelphia 76ers,0.16026771999214287
San Antonio Spurs,0.5019112494364082,Portland Trail Blazers,0.49808875056359175
Charlotte Hornets,0.44150955698328076,Atlanta Hawks,0.5584904430167192
Denver Nuggets,0.2095523967245685,Dallas Mavericks,0.7904476032754315
New Orleans Pelicans,0.43913991224825033,Los Angeles Lakers,0.5608600877517497
Oklahoma City Thunder,0.8011305331447316,Minnesota Timberwolves,0.19886946685526846
Phoenix Suns,0.2852985815570678,Sacramento Kings,0.7147014184429322
Milwaukee Bucks,0.18944209135050583,Boston Celtics,0.8105579086494942
Brooklyn Nets,0.10461705278908284,Chicago Bulls,0.8953829472109172
Toronto Raptors,0.2417412838678159,Cleveland Cavaliers,0.7582587161321841
Los Angeles Lakers,0.047820333951114846,Golden State Warriors,0.9521796660488852
Minnesota Timberwolves,0.2612810680904577,Houston Rockets,0.7387189319095423
Atlanta Hawks,0.4349227555822214,Indiana Pacers,0.5650772444177786
Sacramento Kings,0.19096699024906927,Los Angeles Clippers,0.8090330097509307
Dallas Mavericks,0.553201005805624,Memphis Grizzlies,0.4467989941943759
Washington Wizards,0.2745983662561232,Miami Heat,0.7254016337438768
Philadelphia 76ers,0.13348869870083446,New York Knicks,0.8665113012991655
Denver Nuggets,0.10793482095607931,Oklahoma City Thunder,0.8920651790439207
Detroit Pistons,0.4784282719652966,Orlando Magic,0.5215717280347034
New Orleans Pelicans,0.13098250960206503,Portland Trail Blazers,0.869017490397935
San Antonio Spurs,0.6495462423350589,Utah Jazz,0.3504537576649412
